UNLOCODE,Alternative UNLOCODE,Terminal Code,Terminal Facility,Company Name,Last Change,Valid From,Valid Before,Applicant Name,Applicant Email,Coordinates,Terminal Contact Or Website
AEAUH,,ADT,KHALIFA PORT CONTAINER TERMINAL,ABU DHABI TERMINAL,,2015-05-03,,Hapag-Lloyd AG,michael.schroeder@hlag.com,,
AEJEA,,DPWJA,DP World Jebel Ali,DP World Jebel Ali,,2012-10-05,,HSDG,,"24.98833, 55.06278",
AEJEA,,DPWJ2,JEA - CT2,DP World,,2015-02-05,,Hapag-Lloyd AG,michael.schroeder@hlag.com,,
AEJEA,,DPWJ3,JEA - CT3,DP World,,2015-02-05,,Hapag-Lloyd AG,michael.schroeder@hlag.com,,
AEKLF,,KCTKLF,KHORFAKKAN CONTAINER TERMINAL,KHORFAKKAN CONTAINER TERMINAL,,2015-11-05,,S. Godse (05.11.15),,"25.35389, 56.36778",http://www.gulftainer.com/terminals/uae/khorfakkan-container-terminal/
AOLAD,,SOPO,TERMINAL 5M - SOPORTOS,TERMINAL 5M - SOPORTOS,,2015-09-22,,Hapag-Lloyd AG,michael.schroeder@hlag.com,,
ARBHI,,TBB,TERMINAL BAHIA BLANCA,TERMINAL BAHIA BLANCA,,2004-05-31,,,,"-38.78950, -62.27700",
ARBUE,,BSAS,BS AS CONTAINER TERMINAL SERVICES SA,BS AS CONTAINER TERMINAL SERVICES SA,,2004-05-31,,,,"-34.57683, -58.37333",
ARBUE,,EXOL,EXOLGAN SA BUE,EXOLGAN SA,,2004-05-31,,,,"-34.64000, -58.34667",
ARBUE,,TERM4,TERMINAL 4,TERMINAL 4 SA,,2004-05-31,,,,"-34.58200, -58.36667",
ARBUE,,TRP,Terminales Rio de la Plata,Terminales Rio de la Plata SA,,2005-09-19,,P&O Ports,,"-34.58475, -58.36306",
ARLPS,,LPMOL,LAS PALMAS MOLCA,TERMINAL LAS PALMAS MOLCA,,2004-05-31,,,,"-34.02117, -59.12750",
ARMDQ,,COOTR,COOTRAPORT LTDA,COOTRAPORT LTDA,,2004-05-31,,,,"-38.04683, -57.53633",
ARPMY,,PUPUB,PTO PUBLICO,PUERTO PUBLICO & LOGINTER,,2004-05-31,,,,"-42.73600, -65.03850",
ARPUD,,COSTA,COSTANERA SA,COSTANERA SA,,2004-05-31,,,,"-47.75350, -65.91117",
ARPUD,,PUDES,PUERTO DESEADO,COSTANERA SA,,2004-05-31,,,,"-47.75350, -65.91117",
ARROS,,TROSA,TERMINAL ROSARIO,TERMINAL ROSARIO,,2004-05-31,,,,"-32.97667, -60.61806",
ARSAE,,TSP,TSP PATAGONIA NORTE SATERMINAL DE SERVICIOS P,TSP PATAGONIA NORTE SATERMINAL DE SERVICIOS PORTUARIOS,,2004-05-31,,,,"-40.79917, -64.88250",
ARUSH,,PLS,PATAGONIA LOGISTIC SOLUTIONS SA,PATAGONIA LOGISTIC SOLUTIONS SA,,2004-05-31,,,,"-54.80883, -68.30333",
ARZAE,,TZARA,TERMINAL ZARATE,TZ TERMINALES PORTUARIAS,,2004-05-31,,,,"-34.06783, -59.03500",
ASPPG,,PAGO,PORT OF PAGO-PAGO,PORT OF PAGO PAGO,,2004-05-31,,,,"-14.27667, -170.68472",
AUADL,,AATGH,Outer Harbour,Australian Amalgamated Terminals,,2014-04-17,,DP World (Australia),karl.zlotkowski@dpworld.com,,
AUADL,,DPWAD,Adelaide,DP World (Australia),,2014-04-17,,DP World (Australia),karl.zlotkowski@dpworld.com,,
AUADL,,FLACT,FLINDERS ADELAIDE CONTAINER TERMINAL,FLINDERS ADELAIDE CONTAINER TERMINAL,,2004-05-31,,,,"-34.76944, 138.49056",
AUBEL,,CONBE,Bell Bay,P&O Automotive & General Stevedoring,,2014-04-17,,DP World (Australia),karl.zlotkowski@dpworld.com,,
AUBEL,,PTBEL,Bell Bay,Patrick,,2001-06-26,,,,,
AUBNE,,AATFI,Fisherman Islands,Australian Amalgamated Terminals,,2014-04-17,,DP World (Australia),karl.zlotkowski@dpworld.com,,
AUBNE,,HPAFI,Brisbane Container Terminals Berth 11 and 12,Brisbane Container Terminals PTY LTD (BCT),,2015-03-10,,Hapag-Lloyd AG,michael.schroeder@hlag.com,,
AUBNE,,DPBNE,DP World Brisbane Automated - Fisherman Island,DP World (Australia),,2014-03-14,,1-Stop Connections,tlatella@1-stop.biz,,
AUBNE,,ASFI3,Fisherman Island,Patrick,,2001-06-26,,,,,
AUBNE,,PTMAR,Maritime Wharf,Patrick,,2001-06-26,,,,,
AUBWT,,CONBN,Burnie,P&O Automotive & General Stevedoring,,2014-04-17,,DP World (Australia),karl.zlotkowski@dpworld.com,,
AUBWT,,PTBUR,Burnie,Patrick,,2004-05-31,,,,,
AUDRW,,PATEAP,East Arm Port,Patrick General Stevedoring,,2015-03-10,,Hapag-Lloyd AG,michael.schroeder@hlag.com,,
AUDRW,,CONDW,Darwin,P&O Automotive & General Stevedoring,,2014-04-17,,DP World (Australia),karl.zlotkowski@dpworld.com,,
AUFRE,,ASLFR,Fremantle,Patrick,,2004-05-31,,,,,
AUFRE,,CONFR,Fremantle,DP World (Australia),,2014-04-17,,DP World (Australia),karl.zlotkowski@dpworld.com,,
AUGEX,,PATGP,Patrick Geelong Terminal,PATRICK STEVEDORING PTY LTD,,2014-06-10,,1-Stop Connections,tlatella@1-stop.biz,,
AUGLT,,CONGL,Gladstone,P&O Automotive & General Stevedoring,,2014-04-17,,DP World (Australia),karl.zlotkowski@dpworld.com,,
AUHLT,,CONHM,Hamilton,P&O Automotive & General Stevedoring,,2014-04-17,,DP World (Australia),karl.zlotkowski@dpworld.com,,
AUMEL,,AATWD,Webb Dock West,Australian Amalgamated Terminals,,2014-04-17,,DP World (Australia),karl.zlotkowski@dpworld.com,,
AUMEL,,ASES1,Patrick East Swanson,Patrick,,2004-05-31,,,,,
AUMEL,,CONMEL,Appleton Dock,P&O Automotive & General Stevedoring,,2014-04-17,,DP World (Australia),karl.zlotkowski@dpworld.com,,
AUMEL,,CONWS,West Swanson,DP World (Australia),,2014-04-17,,DP World (Australia),karl.zlotkowski@dpworld.com,,
AUMEL,,NTLWD,Webb Dock,Patrick,,2004-05-31,,,,,
AUMEL,,PATMB,Patrick Terminal Melbourne,Patrick Stevedores Operations PTY Ltd.,,2004-05-31,,,,"-37.81389, 144.91528",
AUPKL,,AATPK,Port Kembla,Australian Amalgamated Terminals,,2004-05-31,,DP World (Australia),karl.zlotkowski@dpworld.com,,
AUPKL,,POPPK,Port Kembla,P&O Automotive & General Stevedoring,,2014-04-17,,DP World (Australia),karl.zlotkowski@dpworld.com,,
AUSYD,,AATGI,Glebe Island,Australian Amalgamated Terminals,,2014-04-17,,DP World (Australia),karl.zlotkowski@dpworld.com,,
AUSYD,,CTLPB,Port Botany,DP World (Australia),,2004-05-31,,DP World (Australia),karl.zlotkowski@dpworld.com,,
AUSYD,,PATDH,Darling Harbour,Patrick,,2004-05-31,,,,,
AUSYD,,ASLPB,Port Botany,Patrick,,2004-05-31,,,,,
AUSYD,,CONDH,Darling Harbour,P&O Automotive & General Stevedoring,,2014-04-17,,DP World (Australia),karl.zlotkowski@dpworld.com,,
AUSYD,,CONGI,Glebe Island,P&O Automotive & General Stevedoring,,2014-04-17,,DP World (Australia),karl.zlotkowski@dpworld.com,,
AUSYD,,CONWB,White Bay,P&O Automotive & General Stevedoring,,2004-05-31,,DP World (Australia),karl.zlotkowski@dpworld.com,,
AUSYD,,HPAPB,Sydney International Container Terminal,Terminals PTY LTD (SICTL),,2015-03-10,,Hapag-Lloyd AG,michael.schroeder@hlag.com,,
AWORJ,,ASTEC,Aruba Stevedoring Company (ASTEC) N.V.,Aruba Stevedoring Company (ASTEC) N.V.,,2004-05-31,,,,"12.52250, -70.04633",
AWORJ,,AWBAR,Barcadera Container Terminal,Barcadera Container Terminal,,2016-09-19,,HSDG,Marc.Jordens@Hamburgsud.com,,
BDCGP,,BDPORT,Chittagong Port,Chittagong Port Authority,,2015-05-03,,Hapag-Lloyd AG,michael.schroeder@hlag.com,,
BEANR,,AET,ANTWERP EUROTERMINAL NV,ANTWERP EUROTERMINAL NV,,2016-07-26,,"ANTWERP EUROTERMINAL, Mark Engels",m.engels@aet.be,"51.27300, 4.20333",
BEANR,,742,Delwaide dock terminal facility,DP World (Antwerp),,2014-04-17,,DP World (Australia),karl.zlotkowski@dpworld.com,,
BEANR,,BNFW,Belgian New Fruit Wharf,SEA-invest Fruit and Food Division - BNFW,,2015-10-30,,Belgian New Fruit Wharf,steven.vandertaelen@sea-invest.be,,
BEANR,,ANM,ANR-MARITIME,PSA-HNN,,2005-02-23,,Finnlines,,,
BEANR,,1700,Antwerp Gateway Terminal,DP World (Antwerp),,2014-04-17,,DP World (Australia),karl.zlotkowski@dpworld.com,,
BEANR,,K1742,Deurganck Terminal - K1742,PSA-Antwerp,,2014-07-14,,PSA-Antwerp,paul.wauters@psa-antwerp.be,,
BEANR,,242,6th Harbour Dock / Hansa Dock Terminal,DP World (Antwerp),,2014-04-17,,DP World (Australia),karl.zlotkowski@dpworld.com,,
BEANR,,314,7th Harbour Dock,DP World (Antwerp),,2014-04-17,,DP World (Australia),karl.zlotkowski@dpworld.com,,
BEANR,,K420,Churchill Terminal - K402-K428,PSA-Antwerp,,2014-07-14,,PSA-Antwerp,paul.wauters@psa-antwerp.be,,
BEANR,,K730,Home Terminal - K702-K730,MSC,,2014-07-14,,PSA-Antwerp,paul.wauters@psa-antwerp.be,,
BEANR,,736,Delwaide Dock Terminal,DP World (Antwerp),,2014-04-17,,DP World (Australia),karl.zlotkowski@dpworld.com,,
BEANR,,K869,Europa Terminal - K851-K869,PSA-Antwerp,,2014-07-14,,PSA-Antwerp,paul.wauters@psa-antwerp.be,,
BEANR,,K913,Noordzee Terminal - K903-K913,PSA-Antwerp,,2014-07-14,,PSA-Antwerp,paul.wauters@psa-antwerp.be,,
BEANR,,OMEGA,Omega Logistics  K522,Omega,,2005-01-25,,OMEGA,,,
BEZEE,,Z129,ZIP Terminal K129,PSA-Zeebrugge,,2014-07-14,,PSA-Zeebrugge,paul.wauters@psa-antwerp.be,,
BEZEE,,Z206,OCHZ Terminal - K202-K207,PSA-Zeebrugge,,2014-07-14,,PSA-Zeebrugge,paul.wauters@psa-antwerp.be,,
BHBAH,,POSU,APM TERMINAL,APM TERMINAL BAHRAIN B.S.C. (C),,2015-09-21,,Hapag-Lloyd AG,michael.schroeder@hlag.com,,
BJCOO,,BTER,BENIN TERMINAL,BENIN TERMINAL,,2015-09-22,,Hapag-Lloyd AG,michael.schroeder@hlag.com,,
BRFOR,,TOT,TERMACO OCEAN TERMINAL,TERMACO TERMINAIS MAR DE CONTAINERS E SERV ACES LTDA,,2004-05-31,,,,"-3.71083, -38.47361",
BRIBB,,TECIB,TECON IMBITUBA SA,TECON IMBITUBA SA,,2004-05-31,,,,"-28.22972, -48.65000",
BRIOA,,ITP,ITAPOA TERMINAIS PORTUARIOS S/A,ITAPOA TERMINAIS PORTUARIOS S/A,,2004-05-31,,,,"-26.18222, -48.60528",
BRITJ,,BRAITJ,APM Terminal Itajai,APM Terminal Itajai,,2015-10-12,,,,,
BRITJ,,TECVI,TECONVI SA TERM CNTRS VALE ITAJAI,TECONVI SA TERM CNTRS VALE ITAJAI,,2004-05-31,,,,"-26.90167, -48.66417",
BRMAO,,CHINC,CHIBATAO NAVEGACAO E COMERCIO LTDA,CHIBATAO NAVEGACAO E COMERCIO LTDA,,2004-05-31,,,,"-3.15667, -59.99000",
BRMAO,,SUPER,SUPER TERMINAIS,SUPER TERMINAIS COM E IND LTDA,,2004-05-31,,,,"-3.14972, -59.99833",
BRNVT,,PTP,PORTONAVE SA TERMINAIS PORTUARIOS,PORTONAVE SA TERMINAIS PORTUARIOS,,2004-05-31,,,,"-26.89639, -48.66278",
BRPEC,,BRAPEC,APMT Pecem,APM Terminals Pecem Operacoes Portuarias Ltda,,2015-10-13,,APM Terminals,mauricio.telles@apmterminals.com,,
BRPEC,,CTO,CTO - CEARA TERMINAL OPERATOR,CTO-CEARA TERMINAL OPERATOR LTDA,,2004-05-31,,,,"-3.54861, -38.81083",
BRPEC,,TECER,TECER TERM PORT CEARA LTDA,TECER TERM PORT CEARA LTDA,,2004-05-31,,,,"-3.54861, -38.81083",
BRPNG,,TCP,TCP DE CONTEINERES DE PARANAGUA SA,TCP DE CONTEINERES DE PARANAGUA SA,,2004-05-31,,,,"-25.50278, -48.50194",
BRRIG,,SUPMA,SUPERMAR SA,SUPERMAR SA,,2004-05-31,,,,"-32.04075, -52.07606",
BRRIG,,TECRG,TECON RIO GRANDE SA,TECON RIO GRANDE SA,,2004-05-31,,,,"-32.12581, -52.10381",
BRRIO,,LIBRJ,LIBRA TERMINAIS SA,LIBRA TERMINAIS SA,,2004-05-31,,,,"-22.87444, -43.20583",
BRRIO,,MROP,MULTI RIO OPERACOES PORTUARIA SA,MULTI RIO OPERACOES PORTUARIA SA,,2004-05-31,,,,"-22.87681, -43.20750",
BRSFS,,TESC,TESC TERMINAL SANTA CATARINA SA,TESC TERMINAL SANTA CATARINA SA,,2004-05-31,,,,"-26.23458, -48.63519",
BRSLZ,,BRMAR,Brazil Maritima,Brazil Maritima Ltda - ME,,2004-05-31,,,,"-2.57778, -44.36917",
BRSPB,,TECSE,SEPETIBA TECON SA,SEPETIBA TECON SA,,2004-05-31,,,,"-22.93056, -43.83833",
BRSSA,,TECSV,TECON SALVADOR SA,TECON SALVADOR SA,,2004-05-31,,,,"-12.95778, -38.50694",
BRSSZ,,BTP,BRASIL TERMINAL PORTUARIO S.A. SANTOS,BRASIL TERMINAL PORTUARIO S.A. SANTOS,,2014-07-22,,HSDG,ulf.patzer@hamburgsud.com,"-23.91667, -46.35000",
BRSSZ,,ECOS,ECOPORTO SANTOS,ECOPORTO SANTOS,,2014-07-22,,HSDG,ulf.patzer@hamburgsud.com,"-23.92778, -46.33528",
BRSSZ,,EMBRA,Embraport,Embraport Empresa Brasileira,,2004-05-31,,,,"-23.92167, -46.31556",
BRSSZ,,LIBSS,LIBRA TERMINAIS SA,LIBRA TERMINAIS SA,,2004-05-31,,,,"-23.97164, -46.29617",
BRSSZ,,RODRI,RODRIMAR SA TRANSP EQUIP INDUSTRIAL,RODRIMAR SA TRANSP EQUIP INDUSTRIAL,,2004-05-31,,,,"-23.92644, -46.34111",
BRSSZ,,SSA,SANTOS BRASIL SA,SANTOS BRASIL SA,,2004-05-31,,,,"-23.96250, -46.29333",
BRSUA,,TECSU,TECON SUAPE SA,TECON SUAPE SA,,2004-05-31,,,,"-8.39306, -34.96750",
BRVIX,,TDVV,TERMINAL DE VILA VELHA SA,TERMINAL DE VILA VELHA SA,,2004-05-31,,,,"-20.32444, -40.32889",
BRVLC,,CONVI,CONVICON,CONVICON CONTEINERES DE VILA DO CONDE S/A,,2004-05-31,,,,"-1.53944, -48.75417",
CAHAL,,FCOVE,FAIRVIEW COVE 2025,CERESCORP COMPANY,,2015-01-29,,Hapag-Lloyd AG,michael.schroeder@hlag.com,,
CAHAL,,HAFXT,HALIFAX TERMINAL,HALTERM CONTAINER TERMINAL LIMITEDPARTNERSHIP,,2013-06-05,,HSDG,,"44.62833, -63.56250",
CAMTR,,MGTCAS,POM SECTION 77 - CAST,MONTREAL GATEWAY TERMINALS,,2015-02-19,,Hapag-Lloyd AG,michael.schroeder@hlag.com,,
CAMTR,,MGTRAC,POM SECTION 62 - RACINE,MONTREAL GATEWAY TERMINALS,,2015-02-19,,Hapag-Lloyd AG,michael.schroeder@hlag.com,,
CAMTR,,TMTMAI,POM SECTION 68 - TERMONT,Termont Terminal Inc,,2015-02-19,,Hapag-Lloyd AG,michael.schroeder@hlag.com,,
CAVAN,,CENTERM,Centennial Pier (Centerm),P&O Ports Canada Inc,,2005-09-19,2016-12-31,P&O Ports,,,
CAVAN,,CTM,Centennial Pier (Centerm),P&O Ports Canada Inc,,2016-08-12,,SMDG,jasmin.droenner@eurogate.eu,,
CAVAN,,FSD,FRASER SURREY DOCKS,FRASER SURREY DOCKS,,2004-05-31,,,,"49.18583, -122.91333",
CAVAN,CADEL,DLT,"Deltaport 2 Roberts Bank Road, BC, V4M 4G5",GCT CANADA LIMITED PARTNERSHIP,2015-01-27,2006-08-28,,GCT Canada (formerTSI Terminal Systems),emcmillan@globalterminals.com,,
CAVAN,,VTM,"Vanterm Container Terminal 1300 Stewart Street, BC, V5L 4X5",GCT CANADA LIMITED PARTNERSHIP,2015-01-27,2006-08-28,,GCT Canada (formerTSI Terminal Systems),emcmillan@globalterminals.com,,
CGPNR,,CTPN,Congo Terminal Pointe Noire,Congo Terminal Pointe Noire,,2016-05-13,,HSDG,Marc.Jordens@Hamburgsud.com,"-4.79167, 11.83000",www.congo-terminal.net
CIABJ,,SETV1,EXAF,EXAF,,2015-10-09,,Hapag-Lloyd AG,michael.schroeder@hlag.com,,
CLANF,,ATI,ATI ANTOFAGASTA,ANTOFAGASTA TERMINAL INTERNACIONALS.A.,,2004-05-31,,,,"-23.65000, -70.40800",
CLANF,,EPA,EPA ANTOFAGASTA,EMPRESA PORTUARIA ANTOFAGASTA,,2004-05-31,,,,"-23.65000, -70.40467",
CLARI,,TPA,TERMINAL PACIFICO ARICA,TERMINAL PUERTO ARICA S.A.,,2004-05-31,,,,"-18.47300, -70.32833",
CLCNL,,CPC,PUERTO CORONEL,PUERTO DE CORONEL S.A.,,2016-09-01,,Mario gonzales Perez,mgonzalez@puertocoronel.cl,"-37.03400, -73.15000",www.puertocoronel.cl
CLIQQ,,ITI,ITI IQUIQUE,IQUIQUE TERMINAL INTERNACIONAL S.A.,,2004-05-31,,,,"-20.20433, -70.15733",
CLLQN,,PLIRQ,PUERTO LIRQUEN,PUERTO DE LIRQUEN S.A.,,2004-05-31,,,,"-36.70767, -72.98967",
CLPAG,,PANGA,PUERTO ANGAMOS,COMPANIA PORTUARIA MEJILLONES S.A.,,2004-05-31,,,,"-23.06667, -70.38667",
CLSAI,,PCE,PUERTO CENTRAL SAN ANTONIO,PUERTO CENTRAL S.A.,,2016-09-16,,"Rodolfo Codina Macchiavello, Puerto Central",rodolfo.codina@puertocentral.cl,"-33.59174, -71.61668",www.puertocentral.cl
CLSAI,,STI,STI SAN ANTONIO,SAN ANTONIO TERMINAL INTERNACIONALS.A.,,2004-05-31,,,,"-33.58917, -71.62200",
CLSVE,,SVTI,SVTI SAN VICENTE OCEAN TERMINAL,SAN VICENTE TERMINAL INTERNACIONAL,,2004-05-31,,,,"-36.73083, -73.13783",
CLVAP,,EPV,EPV VALPARAISO,EMPRESA PORTUARIA DE VALPARAISO,,2004-05-31,,,,"-33.03700, -71.62583",
CLVAP,,TPS,TPS VALPARAISO,TERMINAL PACIFICO SUR VALPARAISO SA.,,2004-05-31,,,,"-33.03167, -71.62717",
CNCKG,,CUNTAN,Cuntan Terminal,"Chongqing Inrternational Container Terminal Co., Ltd.",,2015-05-03,,Hapag-Lloyd AG,michael.schroeder@hlag.com,,
CNCWN,,CCT,Chiwan Container Terminal,Chiwan Container Terminal,,2004-05-31,,,,"22.46778, 113.87722",
CNCWN,,CHT,"Shenzhen Chiwan Harbour Container Co.,Ltd.","Shenzhen Chiwan Harbour Container Co.,Ltd.",,2015-05-03,,Hapag-Lloyd AG,michael.schroeder@hlag.com,,
CNCWN,,MWT,Mawant Chiwan Container Terminal,Mawant Chiwan Container Terminal,,2015-05-03,,Hapag-Lloyd AG,michael.schroeder@hlag.com,,
CNDCB,,DACHAN,Da Chan Bay Terminal,"Shenzhen Dachan Bay Modern Port Development Cc.,Ltd.",,2015-09-21,,Hapag-Lloyd AG,michael.schroeder@hlag.com,,
CNDLC,,DPCT,DALIAN PORT CONTAINER TERMINAL,"DALIAN PORT CONTAINER TERMINAL CO.,LTD",,2004-05-31,,,,"39.00889, 121.87361",
CNFOC,,FICT,FUZHOU INTERNATION CONTAINER TERMINAL,FUZHOU INTERNATION CONTAINER TERMINAL,,2015-06-24,,Hapag-Lloyd AG,michael.schroeder@hlag.com,,
CNFOC,,FMP,FUZHOU MAWEI PORT,FUZHOU MAWEI PORT,,2015-06-24,,Hapag-Lloyd AG,michael.schroeder@hlag.com,,
CNLYG,,ZGXXX,LIANYUNGANG PORT CONTAINER TERMINAL,LIANYUNGANG PORT CONTAINER TERMINAL,,2004-05-31,,,,,
CNLYG,,GYXXX,LIANYUNGANG PORT GANGYU TERMINAL,LIANYUNGANG PORT GANGYU TERMINAL,,2004-05-31,,,,,
CNNGB,,BLCT1,NINGBO BEILUN CONTAINER TERMINAL,NINGBO BEILUN CONTAINER TERMINAL,,2004-05-31,,,,,
CNNGB,,BLCT2,NINGBO BEILUN SECOND CONTAINER TERMINAL,NINGBO BEILUN SECOND CONTAINER TERMINAL,,2004-05-31,,,,,
CNNGB,,B2SCT,NINGBO BEILUNSHAN CONTAINER TERMINAL,NINGBO BEILUNSHAN CONTAINER TERMINAL,,2004-05-31,,,,,
CNNGB,,BLCT5,DAXIE CM TERMINALS,NINGBO DAXIE CHINA MERCHANTS INTERNATIONAL CONTAINER TERMINALS,,2004-05-31,,,,"29.94500, 121.83333",
CNNGB,,BLCT3,NINGBO GANGJI  CONTAINER TERMINAL,NINGBO GANGJI  CONTAINER TERMINAL,,2004-05-31,,,,,
CNNGB,,BLCT6,NINGBO MEISHAN-ISLAND INTL CNT TMNL,NINGBO MEISHAN-ISLAND INTERNATIONAL CONTAINER TEMRINAL,,2004-05-31,,,,"29.77167, 122.00028",
CNNGB,,YZCT7,NINGBO YONGZHOU CONTAINER TERMINALS,NINGBO YONGZHOU CONTAINER TERMINALS,,2004-05-31,,,,,
CNNGB,,BLCT4,NINGBO YUANDONG CONTAINER TERMINAL,NINGBO YUANDONG CONTAINER TERMINAL,,2004-05-31,,,,,
CNNKG,,NPL,NANJING PORT-LONGTAN,NANJING PORT-LONGTAN CONTAINER-CO. LTD,,2015-05-03,,Hapag-Lloyd AG,michael.schroeder@hlag.com,,
CNNSA,,NANS,NANSHA,GUANGZHOU SOUTH CHINA OCEANGATE CONT TML CO LTD,,2004-05-31,,,,"22.64389, 113.68111",
CNRZH,,XXXXX,RIZHAO PORT,RIZHAO PORT,,2004-05-31,,,,,
CNSHA,,SECT,SHANGHAI EAST CONTAINER TERMINAL,"Shanghai East Container Terminals Co., Ltd",,2015-03-17,,Hapag-Lloyd AG,michael.schroeder@hlag.com,,
CNSHA,,SMCT,Shanghai Mingdong Cntr TML LTD,Shanghai Mingdong Container Terminals,,2015-03-20,,Hapag-Lloyd AG,michael.schroeder@hlag.com,,
CNSHA,,SGICT,Shanghai Guadong Int'l Container Terminal,Shanghai Guadong International Container Terminal,,2004-05-31,,,,"30.61333, 122.07500",
CNSHA,,WAIG,WAIGAOQIAO2,Shanghai International Port Co. Ltd. Zhendong Container Terminal Branch,,2004-05-31,,,,"31.37500, 121.57933",
CNSHA,,SPICT,Shanghai Pudong Internat. Container Terminals,"Shanghai Pudong Internat. Container Terminals Co.Ltd.,",,2015-03-17,,Hapag-Lloyd AG,michael.schroeder@hlag.com,,
CNSHA,,SHENG,Shanghai Shengdong Int'l Container Terminal,"Shanghai Shengdong International Container Terminal Co., Ltd",,2004-05-31,,,,"30.63250, 122.04767",
CNSHK,,SCMWH,"Mawan Haixing, Shenzhen Haixing",Harbour Development Co. Ltd,,2015-02-19,,Hapag-Lloyd AG,michael.schroeder@hlag.com,,
CNSHK,,SCTXX,Shekou Terminal,Shekou Terminal,,2004-05-31,,,,,
CNSWA,,SICT,Shantou International Container,Shantou International Container Terminals Ltd.,,2015-06-24,,Hapag-Lloyd AG,michael.schroeder@hlag.com,,
CNTAC,,TIC,Taicang Inter Cntr,Suzhou Modern Terminals Ltd.,,2015-06-24,,Hapag-Lloyd AG,michael.schroeder@hlag.com,,
CNTAO,,QQCTX,Qingdao Qianwan Container Terminal,Qingdao Qianwan Container Terminal,,2004-05-31,,,,,
CNTAO,,QQCTU,Qingdao Qianwan United Container Terminal,"Qingdao Qianwan United Container Terminal CO., LTD.",,2015-02-13,,QQCTU,zhao.baosheng@qqctu.cc,,
CNTAO,,QQCTUA,Qingdao Qianwan United Advance Container Terminal,"Qingdao Qianwan United Advance Container Terminal Co., LTD.",,2015-02-13,,QQCTU,zhao.baosheng@qqctu.cc,,
CNTXG,,TACT1,TIANJIN ALLIANCE INTL CONT TML,TIANJIN ALLIANCE INTL CONT TML,,2004-05-31,,,,,
CNTXG,,FICT1,TIANJIN FIVE CONTINENTS INTL CNTR TMNL,TIANJIN FIVE CONTINENTS INT'L CONTAINER TERMINAL,,2004-05-31,,,,"38.98111, 117.78306",
CNTXG,,ECTS1,TIANJIN ORIENT CONTAINER TERMINAL,TIANJIN ORIENT CONTAINER TERMINAL,,2004-05-31,,,,,
CNTXG,,THCC1,TIANJIN PORT CONTAINER TERMINAL,TIANJIN PORT CONTAINER TERMINAL,,2004-05-31,,,,,
CNTXG,,TECT1,TIANJIN PORT EUROASIA INTL CONT TML,TIANJIN PORT EUROASIA INTL CONT TML,,2004-05-31,,,,,
CNTXG,,TPCT1,TIANJIN PORT PACIFIC INT'L CONTAINER TERMINAL,TIANJIN PORT PACIFIC INTERNATIONALCONTAINER TERMINAL,,2004-05-31,,,,"38.99972, 117.79139",
CNTXG,,PTAED,TIANJIN PORT TERMINAL,TIANJIN PORT TERMINAL,,2004-05-31,,,,,
CNWEI,,00001,WEIHAI PORT,WEIHAI PORT,,2004-05-31,,,,,
CNXMN,,XICT,XIAMEN INTERNATIONAL CONTAINER TERMINAL,XIAMEN INTERNATIONAL CONTAINER TERMINAL LTD,,2004-05-31,,,,"24.44778, 118.01083",
CNXMN,,XRCT,HAIRUN TERMINALS,"XIAMEN INTERNATIONAL PORT CO., LTD",,2015-05-03,,Hapag-Lloyd AG,michael.schroeder@hlag.com,,
CNXMN,,XHCT,XIAMEN HAITIAN CONTAINER TERMINAL,XIAMEN HAITIAN CONTAINER TERMINAL LTD,,2004-05-31,,,,"24.51000, 118.07861",
CNXMN,,XGYU,XIANGYU TERMINAL,XIAMEN NEW WORLD XIANGYU TERMINALS CO LTD,,2004-05-31,,,,"24.52389, 118.08333",
CNXMN,,XOGT,XIAMEN OCEAN GATE TERMINAL,XIAMEN OCEAN GATE CONTAINER TERMINAL CO LTD,,2004-05-31,,,,"24.45500, 117.97167",
CNXMN,,XSCT,XIAMEN SONGYU,"XIAMEN SONGYU CONTAINER TERMINAL CO.,LTD.",,2015-05-08,,Hapag-Lloyd AG,michael.schroeder@hlag.com,,
CNYAN,,HQXXX,DP WORLD YANTAI TERMINAL,DP WORLD YANTAI TERMINAL,,2004-05-31,,,,,
CNYAN,,JZXXX,YANTAI PORT,YANTAI PORT,,2004-05-31,,,,,
CNYAN,,DLXXX,YANTAI RISING DRAGON INTL CONT TML,YANTAI RISING DRAGON INTL CONT TML,,2004-05-31,,,,,
CNYIK,,13XXX,YINGKOU PORT NO.13 TERMINAL,YINGKOU PORT NO.13 TERMINAL,,2004-05-31,,,,,
CNYIK,,51XXX,YINGKOU PORT NO.51 TERMINAL,YINGKOU PORT NO.51 TERMINAL,,2004-05-31,,,,,
CNYTN,,YICTW,YANTIAN WEST CONTAINER TERMINAL,SHENZHEN YANTIAN PORT HOLDING CO. LTD,,2015-05-08,,Hapag-Lloyd AG,michael.schroeder@hlag.com,,
CNYTN,,YICT,YANTIAN INTERNATIONAL CONTAINER TERMINAL,YANTIAN INTERNATIONAL CONTAINERTERMINAL,,2004-05-31,,,,"22.57278, 114.26889",
COBAQ,,BCT,BARRANQUILLA CONTAINER TERMINAL (BCT),BARRANQUILLA CONTAINER TERMINAL (BCT),,2014-09-02,,HSDG,ulf.patzer@hamburgsud.com,"10.98083, -74.76111",
CUMAR,,TCM,TERMINAL DE CONTENEDORES DE MARIEL,TERMINAL DE CONTENEDORES DE MARIEL,,2014-09-02,,HSDG,ulf.patzer@hamburgsud.com,"23.00694, -82.76250",
CYLMS,,LMSWC,WEST CONTAINER TERMINAL,LIMASSOL PORT,,2014-09-02,2017-07-31,HSDG,ulf.patzer@hamburgsud.com,"34.64972, 33.01556",
CYLMS,,LMSEC,EAST CONTAINER TERMINAL,LIMASSOL PORT,,2014-09-02,2017-07-31,HSDG,ulf.patzer@hamburgsud.com,"34.65444, 33.02222",
CYLMS,,EGL,EUROGATE Container Terminal Limassol,EUROGATE Container Terminal Limassol,,2016-10-01,,,,,
COBAQ,,SPRBQ,SOCIEDAD PORTURIA REGIONAL DE BARRANQUILLA,SOCIEDAD PORTURIA REGIONAL DE BARRANQUILLA,,2004-05-31,,,,"10.96833, -74.75917",
COBUN,,SPRBU,TERMINAL MARITIMO SOCIEDAD PORTUARIA REGIONAL,TERMINAL MARITIMO SOCIEDAD PORTUARIA REGIONAL DE BUENAVENTURA S.A.,,2004-05-31,,,,"3.89333, -77.07250",
COBUN,,TCBUN,TCBUEN S.A.,TERMINAL DE CONTENEDORES DE BUENAVENTURA S.A.,,2004-05-31,,,,"3.89250, -77.04333",
COCTG,,SPRC,SOCIEDAD PORTUARIA DE CARTAGENA (SPRC),SPRC - SOCIEDAD PORTUARIAREGIONAL DE CARTAGENA,,2004-05-31,,,,"10.40583, -75.53417",
COCTG,,TCC,TERMINAL DE CONTENEDORES DE CONTECAR S.A.,TERMINAL DE CONTENEDORES DE CARTAGEN CONTECAR,,2004-05-31,,,,"10.37633, -75.51000",
COSMR,,SMIT,SANTA MARTA INTERNATIONAL TERMINAL,SANTA MARTA INTERNATIONAL TERMINAL COMPANY S.A. - SMITCO,,2004-05-31,,,,"11.25083, -74.21533",
COTRB,,TURBO,TURBO PORT - OPEN ROADSTEAD,Turbo Port,,2014-11-06,,HSDG,ulf.patzer@hamburgsud.com,"8.08778, -76.73417",
CRCAL,,SPCAD,SOCIEDAD PORTUARIA DE CALDERA S.A.,SOCIEDAD PORTUARIA DE CALDERA S.A.,,2004-05-31,,,,"9.91167, -84.71983",
CRLIO,,JAPDE,JAPDEVA (Junta de Administracion Portuaria),JAPDEVA (Junta de Administracion Portuaria y Desarollo Economico de la Vertiente del Atlantico),,2004-05-31,,,,"9.99017, -83.02200",
CRMOB,,TMOIN,Terminal de Moin,JAPDEVA Terminal de Moin,,2004-05-31,,,,"10.00167, -83.07750",
CUHAV,,HABA,Terminal de Contenedores de la Habana,Terminal de Contenedores de la Habana (TCH),,2004-05-31,,,,"23.11833, -82.34367",
CWWIL,,CPS,Curacao Port Services,Curacao Port Services Inc.,,2004-05-31,,,,"12.11433, -68.91483",
DEBRV,,BLG,BRV-BLG,BLG,,2005-02-23,,Finnlines,,,
DEBRV,,EGB,EUROGATE Container Terminal Bremerhaven,EUROGATE Container Terminal Bremerhaven,,2004-11-16,,EUROGATE,,,
DEBRV,,MSCBH,MSC GATE Bremerhaven,EUROGATE Container Terminal Bremerhaven,,2004-05-31,,,,"53.57389, 8.54028",
DEBRV,,NTB,BRV-NTB,NTB,,2005-02-23,,Finnlines,,,
DEHAM,,81,SCHUPPEN 81,Buss,,2005-02-23,,Finnlines,,,
DEHAM,,CTA,HHLA Altenwerder,HHLA,,2004-05-17,,HHLA,,,
DEHAM,,CTB,HHLA Burchardkai,HHLA,,2004-05-17,,HHLA,,,
DEHAM,,EGH,EUROGATE Container Terminal Hamburg,EUROGATE Container Terminal Hamburg,,2004-11-16,,EUROGATE,jasmin.droenner@eurogate.eu,"53.52806, 9.92833",www.eurogate.eu
DEHAM,,LZU,LZU Leercontainerzentrum Unikai GmbH Buchheisterstrasse - 20457,LZU,,2007-01-16,,LZU,,,
DEHAM,,SWT,Am Kamerunkai 5 Sud-West Terminal,C. Steinweg,,2004-06-25,,Steinweg,,,
DEHAM,,CTT,HHLA Tollerort,HHLA,,2004-05-17,,HHLA,,,
DEHAM,,UCT,Unikai - UCT,Unikai,,2005-02-23,,Finnlines,,,
DEWVN,,EGW,EUROGATE Container Terminal Wilhelmshaven,EUROGATE Container Terminal Wilhelmshaven,,2015-01-20,,EUROGATE,jasmin.droenner@eurogate.eu,,
DKAAR,,APMT,"APM Terminals Aarhus Osthavnsvej 43, DK-8100",APM Terminals,,2006-08-23,,APM terminals,,,
DKAAR,,DKCSC,Cargo Service Container Terminal,Cargo Service Container Terminal,,2007-02-09,,Arhus Stevedore Kompagni,,,
DKAAR,,DKCTN,Container Terminal North,Container Terminal North,,2006-08-24,,Arhus Stevedore Kompagni,,,
DKCPH,,CMPDK,Container Terminal DK,Container Terminal DK,,2006-05-22,,CM Port,,,
DKFRC,,FCT,Frederica CT,Frederica Container Terminal,,2008-01-16,,Unifeeder,ldj@unifeeder.com,,
DOCAU,,DPCAU,DP WORLD TERMINALS,DP WORLD,,2004-05-31,,,,"18.42333, -69.63050",
DOHAI,,HIT,HAINA INTERNATIONAL TERMINALS,HAINA INTERNATIONAL TERMINALS,,2004-05-31,,,,"18.42500, -70.01750",
DZALG,,EPAL,ENTREPRISE PORTUAIRE D'ALGER - EPAL,ENTREPRISE PORTUAIRE D'ALGER - EPAL,,2004-05-31,,,,"36.76000, 3.07000",
DZORN,,EPO,ENTREPRISE PORTUAIRE D'ORAN - EPO,ENTREPRISE PORTUAIRE D'ORAN - EPO,,2004-05-31,,,,"35.71139, -0.64028",
ECGYE,,BANA,TERMINAL BANAPUERTO,TERMINAL BANAPUERTO,,2004-05-31,,,,"-2.25317, -79.92700",
ECGYE,,CONTE,CONTECON GUAYAQUIL,CONTECON GUAYAQUIL S.A,,2004-05-31,,,,"-2.28333, -79.90167",
ECGYE,,TPG,TPG - TERMINAL PORTUARIO GUAYAQUIL (INARPI),TERMINAL PORTUARIO DE GUAYAQUIL,,2004-05-31,,,,"-2.24617, -79.92917",
EEMUG,,TKM,TK Muuga Container Terminal,Transiidikeskuse AS,,2015-04-07,,Oy Hapag-Lloyd Finland Ab,marko.pitkaekoski@hlag.com,,
EGALY,,ALEXAN,AICT DEKHEILA,ALEXANDRIA INTERNATIONAL CONT.TERM.,,2015-06-20,,Hapag-Lloyd AG,michael.schroeder@hlag.com,,
EGALY,,ACHC,ALEXANDRIA ACHC (OLD PORT),ALEXANDRIA CONTAINER & CARGOHANDLING - ACHC,,2004-05-31,,,,"31.18833, 29.87417",
EGALY,,AICT,ALEXANDRIA INTERNATIONAL CONTAINER TERMINALS,ALEXANDRIA INTERNATIONAL CONTAINERTERMINALS COMPANY S.A.E. - AICT,,2004-05-31,,,,"31.16917, 29.86111",
EGALY,,DEKHEI,DEKHEILA CONTAINER TERMINAL,DEKHEILA CONTAINER TERMINAL,,2015-06-20,,Hapag-Lloyd AG,michael.schroeder@hlag.com,,
EGDAM,,DCHC,DAMIETTA CONTAINER & HANDLING - DCHC,DAMIETTA CONTAINER & HANDLING - DCHC,,2014-07-22,,HSDG,ulf.patzer@hamburgsud.com,"31.45000, 31.75000",
EGPSD,,PSCCH,PORT SAID CONTR & CARGO HANDLING (PSCCHC),HOLDING CO. FOR LAND & MARINE TRANSPORT,,2004-05-31,,,,"31.24444, 32.30167",
EGPSD,,SCCT,SUEZ CANAL CONTAINER TERMINAL - SCCT,SUEZ CANAL CONTAINER TERMINAL - SCCT,,2004-05-31,,,,"31.21167, 32.35694",
ESACE,,LMM,Terminal Portuaria de Lanzarote S.L.,Terminal Portuaria de Lanzarote S.L.,,2005-08-18,,Paukner Lanzarote S.L.,,,
ESALG,,APM,Algeciras,APM Terminals,,2004-05-17,,Liscont,,,
ESALG,,TTI,Hanjin Algeciras,Hanjin Algeciras,,2014-10-22,,Manuel Perez  (XVELA),,,
ESBCN,,PNOU3,Muelle de Costa,"Terminal Port Nou, S.A",,2015-06-12,,Hapag-Lloyd AG,michael.schroeder@hlag.com,,
ESBCN,,TCB,TCB Terminal,TCB Terminal,,2004-05-17,,Liscont,,,
ESBCN,,TERCA,TERCAT BCN,Terminal Catalunya S.A.,,2004-05-31,,,,"41.34083, 2.14972",
ESBIO,,ATMSA,Abra Terminales Maritimas SA,Abra Terminales Maritimas SA,,2005-09-09,,Abra Terminales Maritimas,,,
ESBIO,,NOATB,NOATUM Bilbao (EX ABRA),NOATUM Container Terminal Bilbao (ex ABRA),,2004-05-31,,,,"43.34278, -3.04583",
ESBIO,,TMB,TMB Terminal,TMB Terminal,,2004-05-17,,Liscont,,,
ESBIO,,BMB,BERGE (EX MARITIMA CANDINA),Berge Maritima Bilbao,,2015-11-04,,F. Lockling 04.11.15,,,http://www.berge-m.es/ports.html
ESCAD,,TCD,CONCASA SA,CONCASA SA,,2005-07-21,,CONCASA,,,
ESCAR,,TMC,Terminal Marìtima de Cartagena,Terminal Marìtima de Cartagena,,2005-08-18,,Erhardt Mediterraneo,,,
ESCEU,,CETRU,Dique de Poniente,Dique de Poniente,,2005-08-18,,J. Trujillo Zafra S.L.,,,
ESGIJ,,TEGIJ,Terminal Gijon,Terminal de Contenedores de Gijon A.I.E.,,2004-05-31,,,,"43.55500, -5.68944",
ESLCG,,TRS,Terminales Rias Altas,Terminales Rias Altas,,2006-07-11,,OPDR,,,
ESLCG,,TMGA,T.M.G.A. (TERMINALES MARITIMOS DE GALICIA),T.M.G.A. (TERMINALES MARITIMOS DE GALICIA),,2015-11-01,,,,,www.tmga.es
ESLPA,,LALUZ,"La Luz, S.A.","La Luz, S.A.Terminal de Contenedores",,2004-05-31,,,,"28.14250, -15.41194",
ESLPA,,LMC,Lineas Maritimas Canarias SA,Lineas Maritimas Canarias SA,,2005-08-18,,LMC,,,
ESMLN,,EPN,Melilla  Nordeste II,Muelle Nordeste II 52006 Melilla  Nordeste II,,2005-10-07,,OPDR,,,
ESMPG,,MPT,MARIN PORT TERMINAL,PEREZ TORRES MARITIMA S.L.,,2015-11-01,,HSDG,Marc.Jordens@.Hamburgsud.com,,http://www.pereztorresmaritima.com/#/puertos_puerto_marin
ESSCT,,CAPSA,Compañía Auxiliar del Puerto,Compañía Auxiliar del Puerto,,2005-08-22,,Compa��a Auxiliar del Puerto,,,
ESSCT,,ESTCT,TCT,Terminal de Contenedores de Tenerife SA,,2013-04-11,,TCT,d.sanchez@tctenerife.es,,
ESTAR,,DPWTA,DP WORLD Tarragona,"DP WORLD Tarragona, S.A.",,2004-05-31,,,,"41.09528, 1.21028",
ESTAR,,FRUPO,FRUPORT S.A.,"FRUPORT, S.A. TERMINALES FRIGORIFICA",,2004-05-31,,,,"41.10583, 1.23972",
ESVGO,,TMI,Vigo,TERMAVI Terminales Maritimos De Vigo S.L.,,2005-10-07,,OPDR,,,
ESVLC,,MSCVC,MSC VLC,Mediterranean Shipping Company Terminal Valencia S.A.,,2004-05-31,,,,"39.43972, -0.32167",
ESVLC,,NOATV,"Maritima Valenciana, S.A.",NOATUM Ports Valenciana S.A.,,2004-05-31,,,,"39.43250, -0.32389",
ESVLC,,TCV,TCV,TCV,,2004-05-17,,Liscont,,,
FIHEL,,FIVCT,Vuosaari Cont.Terminal,"Steveco Oy, Satamakaari 35c, 00980 Helsinki",,2008-10-27,,Steveco Oy,,,
FIHEL,,FSHN,North Harbour,"Finnsteve Oy Ab Saukonkuja 5, 00180, Helsinki",,2006-03-13,,Finnsteve Oy,,,
FIHEL,,FSHS,South Harbour,Finnsteve Oy Ab,,2006-03-13,,Finnsteve Oy,,,
FIHEL,,FSHVU,Vuosaari Port,Finnsteve Oy Ab,,2006-03-13,,Finnsteve Oy,,,
FIHEL,,FSHW,Western Harbour,Finnsteve Oy Ab,,2006-03-13,,Finnsteve Oy,,,
FIHEL,,MLTHEL,Multi-Link Terminal Helsinki,Multi-Link Terminals Ltd.,,2015-03-17,,Oy Hapag-Lloyd Finland Ab,marko.pitkaekoski@hlag.com,,
FIHMN,,FIHMN,Hamina,Steveco Oy PL 44 - 48101,,2006-02-27,,Steveco Oy,,,
FIKTK,,FSKM,"Mussalo Port, B-Quay",Finnsteve Oy Ab,,2006-03-13,,Finnsteve Oy,,,
FIKTK,,MLTKTK,Multi-Link Terminal Kotka,Multi-Link Terminals Ltd.,,2015-03-17,,Oy Hapag-Lloyd Finland Ab,marko.pitkaekoski@hlag.com,,
FIKTK,,FIHIE,Hietanen,Steveco Oy PL 44 - 48101,,2006-02-27,,Steveco Oy,,,
FIKTK,,FIKCT,Kotka Container Terminal,Steveco Oy PL 44 - 48101,,2006-02-27,,Steveco Oy,,,
FIMTL,,FHCL,Hacklin,"Hacklin, Mantyuoto-Pori",,2009-02-20,,Unifeeder A/S,,,
FIRAU,,REU,Rauma Port,Rauma Port,,2015-10-09,,Hapag-Lloyd AG,michael.schroeder@hlag.com,,
FITKU,,FSTP,Pansio Harbour,Finnsteve Oy Ab,,2006-03-13,,Finnsteve Oy,,,
FITKU,,FSTW,Western Harbour,Finnsteve Oy Ab,,2006-03-13,,Finnsteve Oy,,,
FJSUV,,POSU,Port of Suva,Fiji Port Corporation Limited,,2014-02-06,,HSDG,,"-18.13250, 178.42500",
FRDKK,,NFTI,NORD FRANCE TERMINAL INTERNATIONAL (NFTI),NORD FRANCE TERMINAL INTERNL O.U. (NFTI),,2004-05-31,,,,"51.01444, 2.18361",
FRFOS,,EURFO,EUROFOS,EUROFOS,,2004-05-31,,,,"43.40667, 4.85028",
FRFOS,,SEYA,SEAYARD,SEAYARD,,2004-05-31,,,,"43.41972, 4.83000",
FRLEH,,AMQ,Quai Des Ameriques,Generale du Manutention Portuaire Port of Le Havre,,2005-10-07,,OPDR,,,
FRLEH,,ATQ,Terminal de l`Atlantique,Generale du Manutention Portuaire Port of Le Havre,,2005-10-07,,OPDR,,,
FRLEH,,EUP,Terminal de l`Europe,Generale du Manutention Portuaire Port of Le Havre,,2005-10-07,,OPDR,,,
FRLEH,,QATL,CNMP QUAI DE L'ATLANTIQUE,COMPAGNIE NOUVELLE DE MANUTENTIONSPORTUAIRES,,2004-05-31,,,,"49.47361, 0.15361",
FRLEH,,TDA,Terminal de l`Asie,Generale du Manutention Portuaire Port of Le Havre,,2005-10-07,,OPDR,,,
FRLEH,,TDF,Terminal de France / quai du havre,Generale du Manutention Portuaire Port of Le Havre,,2006-06-08,,OPDR,,,
FRLEH,,TMS,Terminal TNMSC,Terminaux de Normandie,,2012-04-02,,Terminaux de Normandie,Dflaman@tnint.com,,
FRLEH,,TN,Terminal de Normandie,Terminaux de Normandie,,2006-10-27,,Terminaux de Normandie,,,
FRLEH,,TO,Terminal de L'Ocean,Terminaux de Normandie,,2006-10-27,,Terminaux de Normandie,,,
FRLEH,,TPO,Terminal Porte Océane,Terminaux de Normandie,,2006-10-27,,Terminaux de Normandie,,,
GBBEL,,BCT,Belfast Container Terminal,Belfast Container Terminal,,2015-09-21,,Hapag-Lloyd AG,michael.schroeder@hlag.com,,
GBBEL,,VIC3,Victoria 3 terminal,Belfast Port,,2015-05-22,,Hapag-Lloyd AG,michael.schroeder@hlag.com,,
GBFXT,,1RR,P&O Ferries,P&O Ferries,,2004-05-31,,,,,
GBFXT,,2RR,P&O Ferries,P&O Ferries,,2004-05-31,,,,,
GBFXT,,3RR,RO Ro,P&O Ferries,,2004-05-31,,,,,
GBFXT,,4RR,RO Ro,P&O Ferries,,2004-05-31,,,,,
GBFXT,,DLY,Dooley Terminal,Port of Felixstowe,,2004-05-31,,,,,
GBFXT,,LNG,Landguard Terminal,Port of Felixstowe,,2004-05-31,,,,,
GBFXT,,TTY,Trinity Terminal,Port of Felixstowe,,2004-05-31,,,,,
GBGRG,,GBGR,Grangemouth Terminal,Grangemouth Terminal,,2004-05-31,,,,,
GBHUL,,HCT,Queen Elizabeth Dock,Hull Container Terminal,,2006-07-10,,OPDR,,,
GBLGP,,DPWLG,London Gateway,DP World,,2014-02-06,,HSDG,,"51.50722, 0.48333",
GBLIV,,COAST,Coastal Container Liverpool,Coastal Container Terminal Ltd,,2015-05-22,,Hapag-Lloyd AG,michael.schroeder@hlag.com,,
GBLIV,,RSCT,Royal Seaforth Container Terminal,Mersey Dock & Harbour Company Ltd.,,2015-05-22,,Hapag-Lloyd AG,michael.schroeder@hlag.com,,
GBLIV,,GBLIV,Liverpool Terminal,Liverpool Terminal,,2004-05-31,,,,,
GBRCS,,LTP,London Thamesport Container Terminal,Hutchison Port Holdings (HPH),,2004-05-31,,,,"51.43278, 0.68639",
GBSOU,,DPWS,DP World Southampton,DP World,,2015-05-22,,Hapag-Lloyd AG,michael.schroeder@hlag.com,,
GBSOU,,SCT,Southampton Container Terminal,Southampton Container Terminals Ltd,,2005-09-19,,P&O Ports,,,
GBTIL,,LCT,London Container Terminal,London Container Terminal Ltd.,,2015-09-21,,Hapag-Lloyd AG,michael.schroeder@hlag.com,,
GBTIL,,TCS,Tilbury Container services,Tilbury Container Services Ltd,,2005-09-19,,P&O Ports,,,
GHTEM,,MPS,Meridian Port Services Ltd,Meridian Port Services Ltd,,2015-09-22,,Hapag-Lloyd AG,michael.schroeder@hlag.com,,
GHTEM,,GPHA,Tema Main Harbour,Tema Main Harbour,,2015-09-22,,Hapag-Lloyd AG,michael.schroeder@hlag.com,,
GIGIB,,GIBNM,"North Mole, Berth 6, Gibraltar",M.H. Blands Stevedoring Co./ Ltd,,2004-05-31,,,,,
GRPIR,,GRPCT,Piraeus Container Terminal SA,Piraeus Container Terminal SA,,2015-03-11,,PIRAEUS CONTAINER TERMINAL SA,Michael.Kotras@pct.com.gr,"37.96000, 23.58583",www.pct.com.gr
GRPIR,,PPA,Piraeus Port Authority SA,Piraeus Port Authority SA,,2004-05-31,,,,"37.95472, 23.58944",
GRSKG,,THPASA,Port Authority Thessaloniki,Port Authority Thessaloniki,,2015-09-21,,Hapag-Lloyd AG,michael.schroeder@hlag.com,,
GTPBR,,TFPB,TERMINAL FERROVIARIA PUERTO BARRIOS,TERMINAL FERROVIARIA PUERTO BARRIOS,,2015-02-11,,HSDG,ulf.patzer@hamburgsud.com,"15.73333, -88.60000",
GTPRQ,,EPQEZ,EMPRESA PORTUARIA QUETZAL,EMPRESA PORTUARIA QUETZAL,,2004-05-31,,,,"13.92550, -90.78617",
GTSTC,,EPSTC,EMPRESA PORTUARIA NACIONAL TERMINAL,EMPRESA PORTURIA NACIONAL,,2004-05-31,,,,"15.69633, -88.61600",
HKHKG,,ACTHK,Asia Container Terminals HK,Asia Container Terminals Ltd.,,2010-10-22,,Hapag-Lloyd AG,michael.schroeder@hlag.com,,
HKHKG,,CMC,China Merchants Container,China Merchants Container Services LTD.,,2015-06-24,,Hapag-Lloyd AG,michael.schroeder@hlag.com,,
HKHKG,,CKGW,Chu Kong Godown,Chu Kong Godown Wharf  Transportation Co. Ltd.,,2015-09-21,,Hapag-Lloyd AG,michael.schroeder@hlag.com,,
HKHKG,,CHTHK,COSCO-HIT,COSCO-HIT Terminals (Hong Kong) Ltd.,,2010-10-22,,Hapag-Lloyd AG,michael.schroeder@hlag.com,,
HKHKG,,DPWHK,DP World Hong Kong,DP World Asia,,2010-10-22,,Hapag-Lloyd AG,michael.schroeder@hlag.com,,
HKHKG,,HITHK,Hong Kong Int'l Terminals,Hongkong International Terminals Limited,,2010-10-22,,Hapag-Lloyd AG,michael.schroeder@hlag.com,,
HKHKG,,MTLHK,"MTL, Hong Kong",Modern Terminals Limited,,2010-10-22,,Hapag-Lloyd AG,michael.schroeder@hlag.com,,
HKHKG,,WFC,WEALTH FAIR CONTAINER,WEALTH FAIR CONTAINER SERVICE LTD,,2015-06-24,,Hapag-Lloyd AG,michael.schroeder@hlag.com,,
HNPCR,,ENPCR,Empresa Nacional Portuaria,Agencia Naviera Europea S.A. -ANAVE,,2004-05-31,,,,"15.84300, -87.94583",
HNSLO,,ENPSL,Empresa Nacional Portuaria,Port of San Lorenzo,,2016-07-28,,HSDG,Marc.Jordens@.Hamburgsud.com,"13.40222, -87.42500",
HRRJK,,RJKPOR,Jadranska Vrata Container Terminal,Luka Rijeka,,2015-09-21,,Hapag-Lloyd AG,michael.schroeder@hlag.com,,
IDBTM,,AMPAR,Perum Pelabuhani,PT Pelabuhan Indonesia,,2015-03-10,,Hapag-Lloyd AG,michael.schroeder@hlag.com,,
IDJKT,,KADE,TANJUNG PRIOK PORT,CONVENTIONAL TPK,,2015-06-12,,Hapag-Lloyd AG,michael.schroeder@hlag.com,,
IDJKT,,T300,T300,PT MUSTIKA ALAM LESTARI,,2015-06-12,,Hapag-Lloyd AG,michael.schroeder@hlag.com,,
IDJKT,,UTC1,UNIT PETI KEMAS I,TERMINAL PETIKEMAS PALARAN,,2015-06-12,,Hapag-Lloyd AG,michael.schroeder@hlag.com,,
IDJKT,,UTC3,UNIT PETI KEMAS III,TERMINAL PETIKEMAS PALARAN,,2015-06-12,,Hapag-Lloyd AG,michael.schroeder@hlag.com,,
IDSUB,,BJTI,PT Berlian Jasa Terminal Indonesia,PT Berlian Jasa Terminal Indonesia,,2015-05-03,,Hapag-Lloyd AG,michael.schroeder@hlag.com,,
IDSUB,,TPS,Terminal Petikemas Surabaya,PT Terminal Petikemas Surabaya,,2005-09-19,,P&O Ports,,,
IEDUB,,MTL,Marine Terminals LTD,Marine Terminals LTD,,2015-06-12,,Hapag-Lloyd AG,michael.schroeder@hlag.com,,
IEDUB,,DFP,Dublin Ferry Port Terminal,Dublin Ferry Port,,2015-06-12,,Hapag-Lloyd AG,michael.schroeder@hlag.com,,
IEDUB,,PORTRO,Portroe Terminal,Dublin Port,,2015-06-12,,Hapag-Lloyd AG,michael.schroeder@hlag.com,,
IEDUB,,POEURO,P&O European Ferries Terminal,P&O European Ferries,,2015-06-12,,Hapag-Lloyd AG,michael.schroeder@hlag.com,,
IEORK,,TIVO,Tivoli Terminal,Port of Cork,,2015-06-12,,Hapag-Lloyd AG,michael.schroeder@hlag.com,,
ILASH,,APCL,Ashdod Port CO. LTD.,Ashdod Port CO. LTD.,,2004-05-31,,,,"31.83444, 34.64778",
ILHFA,,HPCL,Haifa Port CO. LTD.,Haifa Port CO. LTD.,,2004-05-31,,,,"32.81722, 35.01056",
INCCU,,CALCUT,CALCUTA TERMINAL,CALCUTTA PORT TRUST,,2015-06-12,,Hapag-Lloyd AG,michael.schroeder@hlag.com,,
INCOK,,ICCT,ICTT VALLARPADAM,INDIA GATEWAY TERMINAL PVT LTD,,2015-03-25,,Hapag-Lloyd AG,michael.schroeder@hlag.com,,
INIXE,,NMPT,New Mangalore Port,New Mangalore Port Trust,,2015-06-24,,Hapag-Lloyd AG,michael.schroeder@hlag.com,,
INMAA,,CITPL,CCTL(Chennai Container Terminal),CCTL(Chennai Container Terminal),,2015-06-20,,Hapag-Lloyd AG,michael.schroeder@hlag.com,,
INMAA,,CCTL,Chennai Container Terminal,Chennai Container Terminal Private Ltd,,2005-09-19,,P&O Ports,,,
INMUN,,AICTPL,ADANI CONTAINER TERMINAL,ADANI INTERNATIONAL CONTAINER TERMINAL PRIVATE LIMITED,,2015-06-12,,Hapag-Lloyd AG,michael.schroeder@hlag.com,,
INMUN,,MICT,Mundra International Container Terminal,Mundra International Container Terminal Ltd,,2005-09-19,,P&O Ports,,,
INMUN,,MPSEZ,MUNDRA PORT,MUNDRA PORT & SPECIAL ECONOMIC ZONE,,2015-06-12,,Hapag-Lloyd AG,michael.schroeder@hlag.com,,
INNSA,,JNPCT,Jawaharlal Nehru Port Container Terminal (JNPCT),Jawaharlal Nehru Port Trust (JNP),2015-09-21,2014-10-27,,HSDG,ulf.patzer@hamburgsud.com,"18.94528, 72.94000",
INNSA,,INNHV,Nhava Sheva,Nhava Sheva Intl. Cont. Term.,,2002-11-07,,EUROGATE Container Terminal Bremerhaven GmbH,,, www.eurogate.de
INNSA,,NSICT,GATEWAY TERMINALS INDIA PVT. LIMITED (GTI),GATEWAY INDIA TERMINALS PVT. LIMITED,,2004-05-31,,,,"18.94889, 72.94167",
INPAV,,GPPL,GUJARAT PIPAVAV PORT LIMITED,GUJARAT PIPAVAV PORT LIMITED,,2004-05-31,,,,"20.91944, 71.51056",
INTUT,,DBGT,DAKSHIN BHARAT,DAKSHIN BHARAT GATEWAY TERMINAL PRIVATE LIMITED,,2015-06-12,,Hapag-Lloyd AG,michael.schroeder@hlag.com,,
INTUT,,PSASIC,PSA SICAL TERMINAL,PSA SICAL TERMINAL LTD.,,2015-06-12,,Hapag-Lloyd AG,michael.schroeder@hlag.com,,
ITAOI,,ACT,Adriatic Container Terminal (Pier No.23 ? New Dock),Adriatic Container Terminal Ancona,,2016-04-07,,Stefano Sabatini,sabatst@coscon.it,,http://www.actml.it/it/act-home/
ITAOI,,ASE,"ASE,ANCONA",ADRIATIC SERVICES ENTERPRISE SRL,,2015-06-12,,Hapag-Lloyd AG,michael.schroeder@hlag.com,,http://www.aseterminal.com/
ITCAG,,CICT,CICT Cagliari International Container Terminal,CICT Cagliari International Container Terminal S.p.A.,2016-04-07,2004-05-31,,,,"39.21389, 9.07306",http://www.contshipitalia.com/en/about-us
ITCTA,,EST,EST Terminal Catania,Europea Servizi Terminalistici,,2016-09-26,,Stefano Sabatini,sabatst@coscon.it,"37.49696, 15.09481",http://www.esterminal.com/
ITCVV,,RCT,Roma Terminal Container,Roma Terminal Container spa,,2016-09-23,,Stefano Sabatini,sabatst@coscon.it,"42.10633, 11.77406",http://www.rtcspa.com/
ITGIT,,MCT,MCT Medcenter Container Terminal,MCT Medcenter Container Terminal S.p.A.,2016-04-07,2001-06-26,,North Sea Terminal BRV,,"38.45972, 15.91056",http://www.contshipitalia.com/en/about-us
ITGOA,,GPT,Genoa Port Terminal,Genoa Port Terminal,,2014-10-22,,Hapag-Lloyd AG,michael.schroeder@hlag.com,,http://www.genoaterminal.com/gpt/home.jsf
ITGOA,,MESSIN,MESSINA TERMINAL MARITTIMO,MESSINA TERMINAL MARITTIMO,,2015-06-12,,Hapag-Lloyd AG,michael.schroeder@hlag.com,,
ITGOA,,SECH,Sech Terminal,South European Container Hub,,2001-06-26,,,,,
ITGOA,,TSG,TERMINAL SAN GIORGIO - PONTE LIBIA,TERMINAL SAN GIORGIO,,2014-10-27,,HSDG,ulf.patzer@hamburgsud.com,"44.40639, 8.88639",
ITGOA,,VTE,Voltri Terminal Europa - Porto di Prà,PSA Voltri Terminal,2016-04-07,2001-06-26,,,,"44.42126, 8.78544",http://www.vte.it/en/home
ITLIV,,IMP,Impresa Container Terminal,Compagnia Impresa Lavoratori Portuali S.R.L.,2016-04-13,2015-06-24,,Hapag-Lloyd AG,michael.schroeder@hlag.com,,
ITLIV,,LOREN,LORENZINI & C. S.R.L.,LORENZINI & C. S.R.L.,,2004-05-31,,,,"43.57361, 10.30722",http://www.lorenziniterminal.it/
ITLIV,,TDT,TERMINAL DARSENA TOSCANA - TDT,TERMINAL DARSENA TOSCANA - TDT,,2004-05-31,,,,"43.57361, 10.30389",
ITLIV,,TAFLIV,CILP SRL Terminal Alto Fondale,Compagnia Impresa Lavoratori Portuali S.R.L.,2016-04-13,2015-11-03,,C. Vivaldi (03.11.15),,,http://www.cilplivorno.it/en/terminal/porto_commerciale.php
ITNAP,,CONA,Terminal Conateco,Co.Na.Te.Co. S.p.A.,,2016-04-07,,Stefano Sabatini,sabatst@coscon.it,"40.83972, 14.28583",http://www.conateco.it/
ITNAP,,TERMIN,TERM.FLAVIO GIOIA,TERMINAL FLAVIO GIOIA S.P.A.,,2015-06-12,,Hapag-Lloyd AG,michael.schroeder@hlag.com,"40.84041, 14.28211",http://www.flaviogioia.it/
ITRVE,,TCR,Terminal Container Ravenna,Terminal Container Ravenna,,2016-04-07,,Stefano Sabatini,sabatst@coscon.it,"44.44889, 12.24806",http://www.contshipitalia.com/en/about-us
ITSAL,,SCT,Salerno Container Terminal,Salerno Container Terminal,,2001-06-26,,,,,
ITSPE,,LSCT,LSCT,La Spezia Container Terminal,,2001-06-26,,,,,
ITSPE,,TDG,Terminal del Golfo,Terminal del Golfo,,2016-04-07,,Stefano Sabatini,sabatst@coscon.it,"44.10556, 9.85444",http://www.terminaldelgolfo.com/
ITSVN,,VADO,Reefer Terminal,Reefer Terminal Spa,,2002-10-04,,Reefer Terminal,,,
ITTRS,,TMT,TMT,Trieste Marine Terminal,,2016-04-07,,Stefano Sabatini,sabatst@coscon.it,"45.63083, 13.76083",http://www.trieste-marine-terminal.com/index.php
ITVCE,,TIV,TERMINAL INTERMODALE VENEZIA,TERMINAL INTERMODALE VENEZIA,,2015-06-12,,Hapag-Lloyd AG,michael.schroeder@hlag.com,"45.45625, 12.25501",http://tiv.it/
ITVCE,,VECON,VECON - CONTAINER TERMINAL,VECON - CONTAINER TERMINAL,,2015-06-12,,Hapag-Lloyd AG,michael.schroeder@hlag.com,"45.45617, 12.24471",http://www.vecon.it/
ITVDL,,REEF,REEFER TERMINAL S.P.A,REEFER TERMINAL S.P.A,,2004-05-31,,,,"44.25667, 8.45444",
JOAQJ,,ACT,AQABA CONTAINER TERMINAL,AQABA CONTAINER TERMINAL,,2015-06-12,,Hapag-Lloyd AG,michael.schroeder@hlag.com,,
JMKIN,,KCT,KINGSTON CONTAINER TERMINAL,PORT AUTHORITY OF JAMAICA,,2004-05-31,,,,"17.01635, -76.83417",
JPAXT,,CG20C,GAIKO -13M NO.1 Berth,GAIKO -13M NO.1 Berth,,2001-06-26,,,,,
JPAXT,,CO10M,OOHAMA -10M,OOHAMA -10M,,2015-10-26,,,,,
JPCHB,,CHUGC,CHIBA CHUOFUTO NO.G,CHIBA CHUOFUTO NO.G,,2001-06-26,,,,,
JPFKY,,FB20C,MINOOKI GANPEKI No.8,MINOOKI GANPEKI No.8,,2001-06-26,,,,,
JPHBI,,HIBIK,HIBIKI CONTAINER TERMINAL,"MOJI KOUN KAISHA, LTD",,2004-05-31,,,,"33.93389, 130.76472",
JPHHE,,HT01C,HATTAROU J,HATTAROU J,,2001-06-26,,,,,
JPHIC,,HN02C,KITAFUTOU B GANPEKI,KITAFUTOU B GANPEKI,,2001-06-26,,,,,
JPHIJ,,KAIC,KAITA,KAITA,,2015-10-26,,SMDG,jasmin.droenner@eurogate.eu,,
JPHIJ,,UG05C,UJINA GAIBOU No.5,UJINA GAIBOU No.5,,2001-06-26,,,,,
JPHIM,,CS14C,Nakajima No.4 Berth,Nakajima No.4 Berth,,2001-06-26,,,,,
JPHKT,,HIC,Island City Container Terminal,"Hakata Port Terminal Co.,LTD.",,2015-04-05,,Hapag-Lloyd AG,,,
JPHKT,,KSI,Kashii Park Container Terminal,"Hakata Port Terminal Co.,LTD.",,2015-04-05,,Hapag-Lloyd AG,,,
JPHMD,,HAFKF,FUKUIFUTO NO.3-4 GANPEKI,FUKUIFUTO,,2015-10-26,,SMDG,jasmin.droenner@eurogate.eu,,
JPHSM,,KGYK,KOUGYOUKOU NO.1-17 GANPEKI,KOUGYOUKOU,,2015-10-26,,SMDG,jasmin.droenner@eurogate.eu,,
JPHTC,,HTDAI,DAI4FUTO C/D,DAI4FUTO C/D,,2015-10-26,,SMDG,jasmin.droenner@eurogate.eu,,
JPHTD,,KB05C,HAKOZAKI WHARF NO5 BERTH,HAKOZAKI WHARF NO5 BERTH,,2001-06-26,,,,,
JPHTD,,PB04C,KASHII PARK PORT NO4 BERTH,KASHII PARK PORT NO4 BERTH,,2001-06-26,,,,,
JPHTD,,PB05C,KASHII PARK PORT NO5 BERTH,KASHII PARK PORT NO5 BERTH,,2001-06-26,,,,,
JPIMB,,TOM,Tomita No.1/2 Berth,Tomita No.1/2 Berth,,2015-10-26,,SMDG,jasmin.droenner@eurogate.eu,,
JPIMI,,NS05C,NANATSUJIMA KITA 1,NANATSUJIMA KITA 1,,2001-06-26,,,,,
JPISW,,BNG,BANNAGURO?No.?-5,BANNAGURO,,2015-10-26,,SMDG,jasmin.droenner@eurogate.eu,,
JPIWK,,SI10C,Shinminato South Berth,Shinminato South Berth,,2001-06-26,,,,,
JPKCZ,,MG01C,Misato Pier No.7-1Berth,Misato Pier No.7-1Berth,,2001-06-26,,,,,
JPKCZ,,MG02C,Misato Pier No.7-2Berth,Misato Pier No.7-2Berth,,2001-06-26,,,,,
JPKIJ,,EWC,West Pier,West Pier,,2015-10-26,,SMDG,jasmin.droenner@eurogate.eu,,
JPKKJ,,KHC,HIAGARIHIGASHI NO. 1-7,HIAGARIHIGASHI NO.1-7,,2015-10-26,,SMDG,jasmin.droenner@eurogate.eu,,
JPKKJ,,TNC,TANOURA NO.1-8 GANPEKI,TANOURA,,2015-10-26,,SMDG,jasmin.droenner@eurogate.eu,,
JPKKJ,,TUC,TACHINOURA NO.1-42 GAN,TACHINOURA,,2015-10-26,,SMDG,jasmin.droenner@eurogate.eu,,
JPKMJ,,HK08C,No.5Berth,HYAKKAN,2015-10-26,2001-06-26,,,,,
JPKNZ,,GG01C,GOKUDEN GANPEKI,GOKUDEN GANPEKI,,2001-06-26,,,,,
JPKNZ,,TG01C,TOMIZU GANPEKI,TOMIZU GANPEKI,,2001-06-26,,,,,
JPKOM,,OK08C,Okinosusototiku?-7.5?Berth,Okinosusototiku?-7.5?Berth,,2001-06-26,,,,,
JPKSM,,MK08C,MINAMIKOUKYOU H,MINAMIKOUKYOU H,,2001-06-26,,,,,
JPKWS,,KHC1C,Kawasaki Container (No.1 Wharf),Kawasaki Container (No.1 Wharf),,2001-06-26,,,,,
JPMAI,,KB09C,DAINIFUTO No.2,DAINIFUTO No.2,,2001-06-26,,,,,
JPMIZ,,TE01C,Tamashima Foreign Trade Whorf No.1 Berth,Tamashima Foreign Trade Whorf No.1 Berth,,2001-06-26,,,,,
JPMIZ,,TH04C,Tamashima Harbor Iland No.4 Berth,Tamashima Harbor Iland No.4 Berth,,2001-06-26,,,,,
JPMKW,,TJ07C,ZINNOFUTO No.7,ZINNOFUTO No.7,,2001-06-26,,,,,
JPMKX,,MKC,MURAMATU 7A/7B/8,MURAMATU,,2015-10-27,,,,,
JPMNX,,NKS,Nakanoseki,Nakanoseki,,2015-10-27,,,,,
JPMOJ,,HBK,Hibikinada Container Terminal,"Hibiki Container Terminal Co.,Ltd.",,2015-04-05,,Hapag-Lloyd AG,,,
JPMOJ,,TAC,Tachinoura Container Terminal,"Kanmon Container Terminal Co.,Ltd.",,2015-04-05,,Hapag-Lloyd AG,,,
JPMSI,,KY14C,KOGAKUEA-12MGANPEKI,KOGAKUEA-12MGANPEKI,,2001-06-26,,,,,
JPMUR,,SAC,SAKIMORI NO.1-7,SAKIMORI NO.6,,2015-10-27,,SMDG,jasmin.droenner@eurogate.eu,,
JPMYJ,,MBC,GAIKOU DAINIFUTO NO. 2/3,GAIKOU DAINIFUTO,,2015-10-27,,SMDG,jasmin.droenner@eurogate.eu,,
JPNAH,,SFC,Shinkoh Pier,Shinkoh Pier,,2015-10-27,,SMDG,jasmin.droenner@eurogate.eu,,
JPNAO,,EP04C,East Pier No.4Berth,East Pier No.4Berth,,2001-06-26,,,,,
JPNGO,,NCB,Nagoya Container Berth,"Nagoya Container Berth Company, Ltd.",,2015-04-05,,Hapag-Lloyd AG,,,
JPNGO,,TCB,Tobishima Futo South-side Container Terminal,"Tobishima Container Berth Company, Ltd.",,2015-04-05,,Hapag-Lloyd AG,,,
JPNGO,,NCT,Nabeta Futo Container Terminal,"Nagoya United Container Terminal Company, Ltd.",,2015-04-05,,Hapag-Lloyd AG,,,
JPNGO,,KJC,Kinjo Pier Container Terminal,Kinjo Pier Container Terminal,,2015-10-27,,SMDG,jasmin.droenner@eurogate.eu,,
JPNGO,,TNT,Tobishima Futo North Cont. Terminal,Nagoya Port Terminal Corporation,,2015-04-05,,Hapag-Lloyd AG,,,
JPNGO,,TST,Tobishima Futo South Cont. Terminal,Nagoya Port Terminal Corporation,,2015-04-05,,Hapag-Lloyd AG,,,
JPOIT,,OZC,OZAI No.19/20 GANPEKI,OZAI No.19/20 GANPEKI,,2015-10-27,,SMDG,jasmin.droenner@eurogate.eu,,
JPONA,,OU04C,Ohtsurugi  Wharf  NO.4 Berth,Ohtsurugi  Wharf  NO.4 Berth,,2001-06-26,,,,,
JPOSA,,OC1,Sakashima Container Terminal C-1,"Hanjin Shipping Co.,Ltd.",,2015-08-19,,,,,
JPOSA,,OC2,Sakashima Container Terminal C-2,"Mitsui O.S.K. Lines, Ltd.",,2015-08-19,,,,,
JPOSA,,OC34,Sakashima Container Terminal C-3/4,"Tatsumi Shokai Co.,Ltd.",,2015-08-19,,,,,
JPOSA,,OC8,Sakashima Container Terminal C-8,"Kawasaki Kisen Kaisha Ltd./Kamigumi Co.,Ltd.",,2015-08-19,,,,,
JPOSA,,OC9,Sakashima Container Terminal C-9,"Mitsubishi Logistics Co.,Ltd / Mitsui Warehouse Terminal Service Co.,Ltd.",,2015-08-19,,,,,
JPOSA,,OC10,Yumeshima Container Terminal C-10,DICT,,2015-08-19,,,,,
JPOSA,,OC11,Yumeshima Container Terminal C-11,Evergreen Line Joint Service Agreement,,2015-08-19,,,,,
JPOSA,,OC12,Yumeshima Container Terminal C-12,DICT,,2015-08-19,,,,,
JPSAK,,GS02C,Showa South No.2 Berth,Showa South No.2 Berth,,2001-06-26,,,,,
JPSAK,,GS03A,Showa South,Showa South,,2001-06-26,,,,,
JPSAK,,GS03C,Showa South No.3 Berth,Showa South No.3 Berth,,2001-06-26,,,,,
JPSAK,,IQ01A,Sakai Port Quarantine,Sakai Port Quarantine,,2001-06-26,,,,,
JPSBK,,SKM,Sukematsu?No.8,Sukematsu,,2015-10-27,,SMDG,jasmin.droenner@eurogate.eu,,
JPSBS,,GG06C,Gaikohchiku D Ganpeki,Gaikohchiku D Ganpeki,,2001-06-26,,,,,
JPSGM,,SC01C,Takasago Pier No.1Berth,Takasago Pier No.1Berth,,2001-06-26,,,,,
JPSKT,,TS02C,Takasagofuto No.2,Takasagofuto No.2,,2001-06-26,,,,,
JPSMT,,WM32C,Nishihama No.5 Berth,Nishihama No.5 Berth,,2001-06-26,,,,,
JPSMZ,,OKT,Shin Okitsu Container Terminal,"Suzuyo & Co.,Ltd.",,2015-04-05,,,,,
JPSMZ,,SDE,Sodeshi Container Terminal,"Suzuyo & Co.,Ltd.",,2015-04-05,,,,,
JPTKY,,HAR,Harumi,Harumi,,2015-10-27,,SMDG,jasmin.droenner@eurogate.eu,,
JPTMK,,EH03C,Higashi Wharf No.3,Higashi Wharf No.3,,2001-06-26,,,,,
JPTMK,,IH01C,Irifune Wharf,Irifune Wharf,,2001-06-26,,,,,
JPTRG,,TK02C,Kawasakimatsuei B Berth,Kawasakimatsuei B Berth,,2001-06-26,,,,,
JPTRG,,TK22C,Kawasakimatsuei C Berth,Kawasakimatsuei C Berth,,2001-06-26,,,,,
JPTTJ,,SG17C,Cendai No.3 Berth,Cendai No.3 Berth,,2001-06-26,,,,,
JPTTJ,,SG21C,Cendai No.1 Berth,Cendai No.1 Berth,,2001-06-26,,,,,
JPTYO,,AOO,Aomi Container Terminal Berth No.0 / 1 / 2  (A0/A1/A2),"Daiichi Transportation & Terminal Co.,Ltd./Sumitomo Warehouse/Isewan Terminal Service Co.,Ltd./Nippon Express/Sankyu Inc.",,2015-05-11,,Hapag-Lloyd AG,,,
JPTYO,,AOH,Aomi Container Terminal Berth No.3 (A3),"Hanjin Shipping Co.,Ltd. (Nippon Express / Mitsui Soko)",,2015-05-11,,Hapag-Lloyd AG,,,
JPTYO,,AOE,Aomi Container Terminal Berth No.4( (A4),Evergreen Marine (Suzue Corp.),,2015-05-11,,Hapag-Lloyd AG,,,
JPTYO,,OHK,Ohi Container Terminal Berth No.1 / 2,"Kawasaki Kisen Kaisha,Ltd.",,2015-05-11,,Hapag-Lloyd AG,,,
JPTYO,,OHM,Ohi Container Terminal Berth No.3 / 4,"Mitsui O.S.K. Lines, Ltd. (UTOC / TICT)",,2015-05-11,,Hapag-Lloyd AG,,,
JPTYO,,OHA,Ohi Container Terminal Berth No.5,Wan Hai Lines.Ltd. (Azuma Shipping Co. Ltd.),,2015-05-11,,Hapag-Lloyd AG,,,
JPTYO,,OHN,Ohi Container Terminal  Berth No.6 /  7,Nippon Yusen Kaisha Ltd. / Unix Corp.,,2015-05-11,,Hapag-Lloyd AG,,,
JPTYO,,SHG,Shinagawa Container Terminal,Daiichi/Sumitomo/Nippon Express/Sankyu/Azuma Shipping,,2015-05-08,,Hapag-Lloyd AG,,,
JPUBJ,,SF01C,Shibanaka No.1 Berth,Shibanaka No.1 Berth,,2001-06-26,,,,,
JPUBJ,,SF04C,Shibanaka West Berth,Shibanaka West Berth,,2001-06-26,,,,,
JPUKB,,KCT,Kobe Container Terminal PC-18 / Kamigumi,Kobe Container Terminal PC-18 / Kamigumi,,2004-05-31,,,,"34.66667, 135.23472",
JPUKB,,PC13,Port Island PC-13,APL /  Sumitomo Warehouse,,2015-06-20,,Hapag-Lloyd AG,,,
JPUKB,,PC14,Port Island PC-14,Nissin Corporation,,2015-06-20,,Hapag-Lloyd AG,,,
JPUKB,,PC15,Port Island PC-15,"Sumitomo Warehouse/Sankyu Inc./Nickel & Lyons, Ltd.",,2015-06-20,,Hapag-Lloyd AG,,,
JPUKB,,PC16,Port Island PC-16/17,"Mitsui O.S.K. Lines,Ltd/Sankyu/Sumitomo Warehouse/ Nickel & Lyons,Ltd.",,2015-06-20,,SMDG,jasmin.droenner@eurogate.eu,,
JPUKB,,RC4,Rokko Island RC-4,"Kawasaki Kisen Kaisha Ltd./APM Terminals Japan Co.,Ltd./Kamigumi Co.,Ltd.",,2015-06-30,,Hapag-Lloyd AG,,,
JPUKB,,RC5,Rokko Island RC-5,"Kawasaki Kisen Kaisha Ltd./APM Terminals Japan Co.,Ltd./Kamigumi Co.,Ltd.",,2015-06-30,,Hapag-Lloyd AG,,,
JPUKB,,RC6,Rokko Island RC-6/7,Nippon Yusen Kabushiki Kaisha,,2015-06-30,,SMDG,jasmin.droenner@eurogate.eu,,
JPUKB,,RC3,Rokko Island C-3,Kawasaki Kisen Kaisha Ltd /APM Terminals Japan,,2015-06-30,,Hapag-Lloyd AG,,,
JPWKJ,,SE01C,Suehiro Pier East,Suehiro Pier East,2015-10-27,2001-06-26,,,,,
JPYKK,,KSS,Kasumigaura South Pier Wharfs No.26,Japan Transcity Corporation,,2015-06-16,,Hapag-Lloyd AG,,,
JPYKK,,KSN,Kasumigaura North Pier Wharfs No.80,Japan Transcity Corporation,,2015-06-16,,Hapag-Lloyd AG,,,
JPYOK,,DC3,Daikoku Container Terminal,"Nippon Express/Kamigumi Co.,Ltd",,2015-06-20,,Hapag-Lloyd AG,,,
JPYOK,,DC4,Daikoku Container Terminal,Nippon Yusen Kabushiki Kaisha,,2015-06-20,,Hapag-Lloyd AG,,,
JPYOK,,T9,Daikoku Container Terminal,"Mitsui Soko Co.,Ltd/Sumitoto warehouse",,2015-06-20,,Hapag-Lloyd AG,,,
JPYOK,,HA5,Honmoku A Container Terminal A 5.6,"Kawasaki Kisen Kaisha, Ltd.",,2015-06-30,,Hapag-Lloyd AG,,,
JPYOK,,HA6,Honmoku A Container Terminal A 6.7,"Kawasaki Kisen Kaisha, Ltd. / Nissin Corporation /Keihin Koun Co.Ltd.",,2015-06-30,,Hapag-Lloyd AG,,,
JPYOK,,HBC,Honmoku B-C Container Terminal,"Yokohama Port Megaterminal Co.,Ltd.",,2015-06-30,,Hapag-Lloyd AG,,,
JPYOK,,HD1,Honmoku D Container Terminal 1,"Yokohama Port Megaterminal Co.,Ltd.",,2015-06-30,,Hapag-Lloyd AG,,,
JPYOK,,HD4,Honmoku D Container Terminal 4,"American President Lines,Ltd.",,2015-06-30,,Hapag-Lloyd AG,,,
JPYOK,,HD5,Honmoku D Container Terminal 5,"Mitsui O.S.K. Lines, Ltd.",,2015-06-30,,Hapag-Lloyd AG,,,
JPYOK,,MHM,Minami-Honmoku Container terminal,"Mitsubishi Logistics Co.,Ltd",,2015-06-20,,Hapag-Lloyd AG,,,
JPYOK,,APMYOK,Maersk Yokohama Terminal,APM Terminals,,2016-09-01,,XVELA - Chris Ng,chris.ng@xvela.com,,http://www.apmterminals.com/en/operations/asia-pacific/yokohama/about-us
KHKOS,,SPA,SIHANOUKVILLE PORT,SIHANOUKVILLE PORT AUTHORITY,,2015-06-24,,Hapag-Lloyd AG,michael.schroeder@hlag.com,,
KRKAN,,KIT,KOREA INTERNATIONAL CONTAINER TMNL.,KOREA INTERNATIONAL TERMINAL,,2015-05-03,,Hapag-Lloyd AG,michael.schroeder@hlag.com,,
KRPUS,,BNCT,BNCT,"BNCT CO.,LTD",,2015-03-06,,Hapag-Lloyd AG,michael.schroeder@hlag.com,,
KRPUS,,BPC,BUSAN PIER 3/4,BUSAN CONVENTIONAL,,2015-03-25,,Hapag-Lloyd AG,michael.schroeder@hlag.com,,
KRPUS,,BIT,BIT,"BUSAN INT'L TERMINAL CO.,LTD",,2015-03-25,,Hapag-Lloyd AG,michael.schroeder@hlag.com,,
KRPUS,,DPCT,DONGBU PUSAN CONTAINER TERMINAL,DONGBU PUSAN CONTAINER TERMINAL CO LTD,,2004-05-31,,,,"35.10556, 129.07417",
KRPUS,KRBNP,HJNC,TERMINAL (HJNC),HANJIN NEW PORT CO. LTD.,,2015-03-06,,Hapag-Lloyd AG,michael.schroeder@hlag.com,,
KRPUS,,HBCT,HBCT,HUTCHISON BUSAN CONTAINER TERMINAL,,2015-03-25,,Hapag-Lloyd AG,,,
KRPUS,,HPNT,HPNT,HYUNDAI PUSAN NEW-PORT TERMINAL,,2015-03-06,,Hapag-Lloyd AG,michael.schroeder@hlag.com,,
KRPUS,,KBCT,KOREA BUSAN CONTAINER TERMINAL,KOREA BUSAN CONTAINER TERMINAL,,2004-05-31,,,,"35.10556, 129.09500",
KRPUS,,PNP,PUSAN NEWPORT INTERNATIONAL TERMINAL,PUSAN NEWPORT INTERNATIONAL TERMINAL,,2004-05-31,,,,"35.07889, 128.82528",
KRPUS,,PNC,PUSAN NEWPORT CO.,PUSAN NEWPORT CONTAINER TERMINAL,,2004-05-31,,,,"35.07889, 128.82306",
LBBEY,,BCTC,BEIRUT CONTAINER TERMINAL CONSORTIUM SAL,BEIRUT CONTAINER TERMINAL CONSORTIUMSAL - BCTC,,2004-05-31,,,,"33.90889, 35.53417",
LKCMB,,CICT,Colombo International,Colombo International Container Terminals Ltd.,,2015-06-20,,Hapag-Lloyd AG,michael.schroeder@hlag.com,,
LKCMB,,LKJCT,Jaya Container Terminal,Jaya Container Terminal,,2005-09-19,,,,,
LKCMB,,LKSGT,S/Asia Gateway Terminal,S/Asia Gateway Terminal,,2005-09-19,,,,,
LKCMB,,LKUCT,Unity Container Terminal,Unity Container Terminal,,2005-09-19,,,,,
LKCMB,,SAGT,South Asia Gateway Terminal,South Asia Gateway Terminal,,2005-09-19,,P&O Ports,,,
LTKLJ,,KLAB,KLA-BULK,KLA-BULK,2014-10-20,2005-02-23,,Finnlines,,,
LTKLJ,,KLAK,KLA-KLASCO,KLA-KLASCO,,2005-02-23,,Finnlines,,,
LTKLJ,,KLAT,KLA-TERMINALAS,KLA-TERMINALAS,,2005-02-23,,Finnlines,,,
LTKLJ,,KKT,Klaipedos Konteineriu Terminalas,Klaipedos Konteineriu Terminalas,,2014-11-10,,Eurogate,jasmin.droenner@eurogate.eu,,
LTKLJ,,KAS,Klaipedos Smelte,Klaipedos Smelte,,2014-11-10,,Eurogate,jasmin.droenner@eurogate.eu,,
LVRIX,,BCT,Baltic Container Terminal,Baltic Container Terminal,,2007-11-10,,Unifeeder,,,
LVRIX,,RCT,Riga Central Terminal,Riga Central Terminal,,2008-01-16,,Unifeeder,ldj@unifeeder.com,,
LVRIX,,RUT,Riga Universal Terminal,Riga Universal Terminal,,2014-11-12,,Eurogate,jasmin.droenner@eurogate.eu,,
MACAS,,EST,Terminal Est (new terminal),Port Casablanca,,2005-10-07,,OPDR,,,
MACAS,,OLP,Terminal West (old port),Port de Casablanca,,2005-10-07,,OPDR,,,
MACAS,,SODEP,SODEP,SOCIETE D'EXPLOITATION DES PORTS,,2015-06-12,,Hapag-Lloyd AG,michael.schroeder@hlag.com,,
MACAS,,SOMAP,SOMAPORT,SOMAPORT,,2015-06-12,,Hapag-Lloyd AG,michael.schroeder@hlag.com,,
MAPTM,,EURTN,EUROGATE Tanger S.A,EUROGATE Tanger S.A,,2004-05-31,,,,"35.89417, -5.48917",
MATNG,,PDC,Molle De Commerce Container Terminal,Tanger Port,,2005-10-07,,OPDR,,,
MTMAR,,FREE,MALTA FREEPORT TERMINALS LTD,MALTA FREEPORT TERMINALS LTD.,,2004-05-31,,,,"35.82000, 14.54278",
MXATM,,ATP,ALTAMIRA TERMINAL PORTUARIA,ALTAMIRA TERMINAL PORTUARIA SA DE CV,,2004-05-31,,,,"22.47700, -97.88500",
MXATM,,IPM,INFRAESTRUCTURA PORTUARIA MEXICANA S.A. DE C.,INFRAESTRUCTURA PORTUARIA MEXICANA S.A. DE C.V,,2004-05-31,,,,"22.47383, -97.88417",
MXESE,,EIT,ENSENADA INTL TERMINAL SA DE CV,ADMINISTRACION PORTUARIA INTEGRAL DEENSENADA SA DE CV,,2004-05-31,,,,"31.85167, -116.62917",
MXLZC,,LCT,LAZARO CARDENAS TERMINAL PORTUARIA,"LAZARO CARDENAS TERMINAL PORTUARIADE CONTENEDORES, SA DE CV",,2004-05-31,,,,"17.95333, -102.17167",
MXMZT,,TMAZ,TERMINAL MARITIMA DE MAZATLAN,TERMINAL MARITIMA DE MAZATLAN,,2016-06-06,,Hapag-Lloyd AG,michael.schroeder@hlag.com,,
MXPGO,,TCY,ADMINISTR. PORTUARIA INTEGRAL DE PROGRESO,TERMINAL DE CONTENEDORES DE YUCATAN SA DE CV,,2004-05-31,,,,"21.34611, -89.67722",
MXTAP,,PMD,PUERTO CHIAPAS,PUERTO CHIAPAS,,2016-09-12,,HSD,Marc.Jordens@Hamburgsud.com,,
MXVER,,ICAVE,INTERNACIONAL DE CONTEN. ASSOC. DE VER,INTERNACIONAL DE CONTENEDORESASOCIADOS DE VERACRUZ,,2004-05-31,,,,"19.21217, -96.13417",
MXZLO,,CMSA,CONTECON MANZANILLO,"CONTECON MANZANILLO, S.A DE C.V",,2016-05-13,,"CONTECON MANZANILLO, S.A DE C.V",rcox@contecon.mx,"19.08480, -104.30240",http://www.contecon.mx
MXZLO,,SSAMX,SSA MEXICO HOLDINGS,SSA MEXICO HOLDINGS SA DE CV,,2004-05-31,,,,"19.07233, -104.29083",
MXZLO,,TIMSA,TERMINAL INTL DE MANZANILLO (TIMSA),TERMINAL INT DE MANZANILLO SA DE CV TIMSA,,2004-05-31,,,,"19.06033, -104.29300",
MYPEN,,PENP,Penang Port Sdn. Bhd. Penang,PENANG PORT SDN. BHD. Penang,,2014-07-10,,HSDG,ulf.patzer@hamburgsud.com,"5.42167, 100.36722",
MYPKG,,KMT,WESTPORT KELANG MULTI TERMINAL (KMT),KELANG MULTI TERMINAL (KMT),,2004-05-31,,,,"3.03611, 101.35917",
MYPKG,,NPM,NORTH PORT MALAYSIA,NORTH PORT MALAYSIA,,2004-05-31,,,,"3.03717, 101.35717",
MYPGU,,JPB,JOHOR PORT BERHAD,JOHOR PORT BERHAD,,2015-06-12,,Hapag-Lloyd AG,michael.schroeder@hlag.com,,
MYTPP,,PTP,PORT OF TANJUNG PELEPAS,PORT OF TANJUNG PELEPAS,,2004-05-31,,,,"1.36250, 103.54583",
MZMPM,,MIPS,MIPS,Mozambique International Port Services,,2005-09-19,,P&O Ports,,,
NAWVB,,WVB,Walvis Bay Ocean Terminal,Walvis Bay Ocean Terminal,,2015-09-22,,Hapag-Lloyd AG,michael.schroeder@hlag.com,,
NGAPP,,APMTER,APM Terminals Apapa Ltd.,APM Terminals Apapa Ltd.,,2015-10-09,,Hapag-Lloyd AG,michael.schroeder@hlag.com,,
NGTIN,,FIVEST,Five Star (Tin Can Island),Five Star (Tin Can Island),,2015-09-22,,Hapag-Lloyd AG,michael.schroeder@hlag.com,,
NGTIN,,TICT,Tincan Island Terminal,Tincan Island Terminal,,2015-09-22,,Hapag-Lloyd AG,michael.schroeder@hlag.com,,
NICIO,,EPN,Port of Corinto,Empresa Portuaria Nacional,,2004-05-31,,,,"12.48250, -87.16778",
NLAMS,,ACT,"Harbour # 7991, Ruigoordweg",Amsterdam Container Terminals BV,,2009-03-20,,ACT Amsterdam,svanwijlen@acthph.nl,,
NLRTM,,APM,APM Terminal Maasvlakte 1,APM,,2014-08-05,,PORTBASE,h.rook@portbase.com,,
NLRTM,,NLMVII,APM Terminal Maasvlakte 2,APM-II,,2014-08-26,,APM,Ike.Van.Der.Lubben@apmterminals.com,,
NLRTM,,DRN,Van Doorn Depot Rotterdam,Van Doorn Depot,,2014-10-14,,PORTBASE,h.rook@portbase.com,,
NLRTM,,KRM,Rotterdam Container Terminal RCT Maasvlakte,Kramer Terminal,,2014-08-05,,PORTBASE,h.rook@portbase.com,,
NLRTM,,INTER,Interforest Terminal Rotterdam,Interforest Terminal Rotterdam,,2014-08-05,,PORTBASE,h.rook@portbase.com,,
NLRTM,,HAN,Hanno Waalhaven Terminal,RTM-HANNO,,2005-02-23,,Finnlines,,,
NLRTM,,RSN,RST North Terminal,RST North,,2014-08-05,,PORTBASE,h.rook@portbase.com,,
NLRTM,,RSZ,RST South Terminal,RST South,,2014-08-05,,PORTBASE,h.rook@portbase.com,,
NLRTM,,MST,Northside,RTM-SHORTSEA TERM.,,2005-02-23,,Finnlines,,,
NLRTM,,5049,Berth 5049,Holland Terminals,,2005-08-24,,PSA - HNN,,,
NLRTM,,DBF,DBF,ECT Delta Terminal,,2007-10-25,,ECT,robert.roestenburg@ect.nl,,
NLRTM,,DCD,DCD,ECT Delta Terminal,,2016-06-02,,PORTBASE,h.rook@portbase.com,,
NLRTM,,DDE,DDE,ECT Delta Terminal,,2007-10-25,,ECT,robert.roestenburg@ect.nl,,
NLRTM,,DDN,DDN,ECT Delta Terminal,,2007-10-25,,ECT,robert.roestenburg@ect.nl,,
NLRTM,,EMX,EMX,ECT Euromax Terminal BV,,2007-10-25,,ECT,robert.roestenburg@ect.nl,,
NLRTM,,NLSBH,Rotterdam Steinweg Beatrixhaven,Steinweg Beatrixhaven,,2015-11-01,,Steinweg,info@nl.steinweg.com,,
NLRTM,,HCD,HCD,ECT City Terminal BV,,2007-10-25,,ECT,robert.roestenburg@ect.nl,,
NLRTM,,LPL,Losplaats Waalhaven,Overbeek Container Control,,2008-11-19,,RSC,ict@rscrotterdam.nl,,
NLRTM,,RSC,Rail Service Center Rotterdam,Rail Service Center Rotterdam,,2008-11-19,,RSC,ict@rscrotterdam.nl,,
NLRTM,,RWG,Rotterdam World Gateway,Rotterdam World Gateway,,2014-08-05,,PORTBASE,h.rook@portbase.com,,
NLRTM,,UNIPORT,Uniport Waalhaven Terminal,Uniport Stevedoring Comp.,,2002-10-04,2016-05-13,"Klaipeda Stevedoring Company, www.klasco.lt",,,
NLRTM,,UMTR,Uniport Waalhaven Terminal,Uniport Multipurpose Terminals B.V.,,2016-05-13,,Uniport,olle.antheunis@uniport.nl,,
NLRTM,,RSZ,Southside,RTM-SHORTSEA TERM.,,2005-10-07,,OPDR,,,
NLRTM,,RTM2,RTM--2740,RTM--2740,,2005-02-23,,Finnlines,,,
NLRTM,,RTMB,BARGE CENTER-WAALHAVEN,RTM-BARGE CENTER-WAALHAVEN,,2005-02-23,,Finnlines,,,
NLRTM,,RTMW,WAALHAVEN,RTM-WAALHAVEN,,2005-02-23,,Finnlines,,,
NOAES,,KNAES,KN Terminal Breivika,Kuehne+Nagel AS Breivika Industrivei 63 - 6022,,2006-01-27,,Kuehne+Nagel AS,,,
NOAES,,M423,Aalesund,Kloosterboer Terminal Norway AS,,2006-01-18,,Kloosterboer Terminal Norway AS,,,
NOAES,,SKUTVI,Skutvika Terminal,Tyrholm & Farstad AS,,2015-03-25,,Hapag-Lloyd AG,michael.schroeder@hlag.com,,
NOBGO,,NOBGON,Greencarrier Terminal,Greencarrier Terminal & Logistics,,2016-05-13,,,,,
NOFRK,,OERK,Oerakaia,Fredrikstad Container Terminal,,2007-11-10,,Unifeeder,,,
NOHAL,,ALKA,Alkatel,Norske Skog,,2007-11-10,,Unifeeder,,,
NOHAL,,NOSK,Saugbrug,Norske Skog,,2007-11-10,,Unifeeder,,,
NOLAR,,NOLCT,Revet - 3263,Larvik Container Terminal AS,,2006-01-30,,Larvik Container Terminal AS,,,
NOMSS,,MCT,MOSS Container Terminal,Moss Container Terminal AS,,2009-09-28,,Unifeeder,klh@unifeeder.com,"59.42722, 10.65500",
NOMSS,,VAER,Vaeralekaia,Schianders Shipping Moss AS,,2007-11-10,,Unifeeder,,,
NOOSL,,NSF,Norsteve Filipstad,Norsteve Filipstad,,2008-01-16,,Unifeeder,ldj@unifeeder.com,,
NOOSL,,OSW,Ormsund Whittington,Yilport Oslo A/S,2015-03-05,2008-01-16,,Unifeeder,ldj@unifeeder.com,,
NOOSL,,SCT,Sjursoeya CT zone B,Yilport Oslo A/S,2015-03-05,2008-01-16,,Unifeeder,ldj@unifeeder.com,,
NOSKI,,HBRT,Harbour Terminal,Grenland Havn IKS,,2007-11-10,,Unifeeder,,,
NOTAE,,RIS,Terminal Risavika,Risavika Terminal AS,,2015-03-25,,Hapag-Lloyd AG,michael.schroeder@hlag.com,,
NZAKL,,PABW,Ports of Auckland Bledisloe Wharf,Ports of Auckland Limited,,2004-05-31,,,,"-36.84167, 174.77250",
NZAKL,,PAFW,Ports of Auckland Fergusson Wharf,Ports of Auckland Limited,,2004-05-31,,,,"-36.84083, 174.78333",
NZAKL,,PAGW,Ports of Auckland General Wharf,Ports of Auckland Limited,,2004-05-31,,,,"-36.84250, 174.77917",
NZLYT,,LPC,Lyttelton Port Company,Lyttelton Port Company Limited,,2004-05-31,,,,"-43.60889, 172.72833",
NZNPE,,NPENZ,"Breakwater Road, Port of Napier",Port of Napier Ltd,,2005-08-02,,Port of Napier,,,
NZNPL,,PTAR,Port Taranaki New Plymouth,PORT TARANAKI New Plymouth,,2014-07-10,,HSDG,ulf.patzer@hamburgsud.com,"-39.05694, 174.03417",
NZNSN,,PNEL,"Port Nelson Ltd., Nelson",PORT NELSON LTD. Nelson,,2014-07-10,,HSDG,ulf.patzer@hamburgsud.com,"-41.26139, 173.27111",
NZPOE,,POOT,Port Otago,Port Otago Limited,,2014-02-06,,HSDG,,"-45.74667, 170.62528",
NZTIU,,PTIM,"Primeport Timaru Ltd., Timaru",PRIMEPORT TIMARU LTD. Timaru,,2014-07-10,,HSDG,ulf.patzer@hamburgsud.com,"-44.38972, 171.25556",
NZTRG,,MMP,MOUNT MANGANUI PORT,PORT OF TAURANGA LIMITED,,2004-05-31,,,,"-37.66250, 176.17472",
NZTRG,,TRGCT,Sulphur Point,Tauranga Container Terminal,,2005-08-03,,Tauranga Cont.Term.,,,
NZWLG,,CPW,WELLINGTON PORT,CENTREPORT WELLINGTON,,2014-10-27,,HSDG,ulf.patzer@hamburgsud.com,"-41.27889, 174.78944",
OMSOH,,OICT,OMAN INTERNATIONAL CONTAINER TERMINAL,OMAN INTERNATIONAL CONTAINER TERMINAL LLC,,2015-06-15,,Hapag-Lloyd AG,michael.schroeder@hlag.com,,
PABLB,,PPCBL,PANAMA PORTS COMPANY S.A.,PANAMA PORTS COMPANY S.A.,,2004-05-31,,,,"8.96000, -79.56667",
PACTB,,PCPPC,PANAMA PORTS COMPANY,PANAMA PORTS COMPANY PORT OF CRISTOBAL,,2004-05-31,,,,"9.35417, -79.90889",
PAMIT,,MIT,MANZANILLO INTERNACIONAL TERMINAL PANAMA S.A.,MANZANILLO INTERNACIONAL TERMINALPANAMA S.A.,,2004-05-31,,,,"9.36083, -79.88333",
PAROD,,PPIT,PSA PANAMA INTERNATIONAL TERMINAL S.A.,PSA PANAMA INTERNATIONAL TERMINAL SA,,2004-05-31,,,,"8.95433, -79.57567",
PECLL,,APMCLL,APM TERMINALS CALLAO,APM TERMINALS CALLAO S.A.,,2015-02-23,,Carlos Olaechea,carlos.olaechea@apmterminals.com,,
PECLL,,DPCLL,DP WORLD CALLAO,DP WORLD CALLAO S.R.L.,,2004-05-31,,,,"-12.05417, -77.14950",
PEPAI,,TPE,TPE - TERMINALES PORTUARIOS EUROANDINOS,TERMINALES PORTUARIOS EUROANDINOSPAITA S.A.,,2004-05-31,,,,"-5.08200, -81.10850",
PFPPT,,POPA,Port of Papeete,Port Autonome Du Papeete,,2004-05-31,,,,"-17.53722, -149.57611",
PHCEB,,CIP,CEBU INTERNATIONAL PORT,CEBU INTERNATIONAL PORT,,2015-06-12,,Hapag-Lloyd AG,michael.schroeder@hlag.com,,
PHMNL,,ATI,South Habor Container terminal,Asian Terminals Ltd,,2005-09-19,,P&O Ports,,,
PHMNL,,MIC,MANILA INTERNATIONAL CONTAINER,MANILA INTERNATIONAL CONTAINER,,2015-06-12,,Hapag-Lloyd AG,michael.schroeder@hlag.com,,
PHMNL,,NHDP,NORTH HARBOR DOMESTIC PORT,PORT OF MANILA,,2015-06-12,,Hapag-Lloyd AG,michael.schroeder@hlag.com,,
PKBQM,,QICT,QICT,Qasim International Container Terminal Pakistan Ltd,,2005-09-19,,P&O Ports,,,
PKKHI,,KICT,KARACHI INTERNATIONAL CONTAINER TERMINAL,KARACHI INTERNATIONAL CONTAINER TERMINAL,,2004-05-31,,,,"24.83583, 66.97528",
PKKHI,,PICT,PAKISTAN INTERNATIONAL CONTAINER TERMINAL,PAKISTAN INTERNATIONAL CONTAINERTERMINAL LIMITED,,2004-05-31,,,,"24.82556, 66.97500",
PLGDN,,PLGDA,Gdanski Terminal Kontenerowy,ul. Wladyslawa IV 5 / 80-547,,2006-01-16,,Gdanksi Terminal Kontenerowy,,,
PLGDY,,PLBCT,Baltic Container Terminal,BCT - Baltic Container Terminal Kwiatkowskiego 60 str - 81-127,,2006-01-27,,Baltic Container Terminal,,,
PLGDY,,PLGCT,Gdynia Container Terminal S.A.,Gdynia Container Terminal S.A.,,2012-06-01,,Gdynia Container Terminal,planowanie@gct.pl,"59.42722, 10.65500",
PLSZZ,,DPSZ,Szczecin,Drobnica-Port Szczecin Ltd,,2006-01-16,,Drobnica-Port Szczecin,,,
PRSJU,,HLSJU,"Horizon Lines Terminals, Puerto Rico",HORIZON LINES TERMINALS Puerto Rico,,2014-07-10,2016-05-31,HSDG,ulf.patzer@hamburgsud.com,"18.43500, -66.09306",
PRSJU,,LACS,Luis Ayala Colon," Luis Ayala Colon Sucrs., Inc.",,2016-05-19,,HSDG/Luis Alaya Colon SUCRS,Marc.Jordens@Hamburgsud.com,"18.43500, -66.09305",
PTFDF,,LISC,Liscont SA,Liscont SA,,2004-05-17,,Liscont,,,
PTFNC,,APRAM,Madeira,Admin dos Portos da Regiao Auton da Madeira SA,,2004-05-17,,Liscont,,,
PTFNC,,CSP,Carnical Harbour - South Pier,Carnical Harbour - South Pier,,2005-10-17,,OPDR,,,
PTLEI,,TCLA,Terminal de Contentores de Leixoes SA,Terminal de Contentores de Leixoes SA,,2009-12-08,,TCL Leixoes,urbanogomes@tcl-leixoes.pt,,
PTLIS,,LISC,Liscont SA,Liscont SA,,2004-05-17,,Liscont,,,
PTLIS,,OLIS,Operlis,Operlis,,2004-05-17,,Liscont,,,
PTLIS,,SOTA,Sotagus SA,Sotagus SA,,2004-05-17,,Liscont,,,
PTLIS,,TMB,TMB,TMB,,2004-05-17,,Liscont,,,
PTPXO,,APRAM,Madeira,Admin dos Portos da Regiao Auton da Madeira SA,,2004-05-17,,Liscont,,,
PTSET,,APSS,Portos de Setubal e Sesimbra,Administracao dos Portos de Setubal e Sesimbra,,2004-05-17,,Liscont,,,
PTSET,,SADOP,Terminal Multiusos do Setubal,Sadoport - Terminal Maritimo do Sado S.A.,,2010-11-23,,Sadoport,fantunes@sadoport.pt,,
PTSIE,,SCT,Sines Container Terminal,Sines Container Terminal,,2004-05-17,,Liscont,,,
QADOH,,DMP,Doha Main Port,Doha Main Port,,2015-06-12,,Hapag-Lloyd AG,michael.schroeder@hlag.com,,
ROCND,,CSCT,C.S.C.T.,Constanta South Container Terminal,,2015-06-12,,Hapag-Lloyd AG,michael.schroeder@hlag.com,,
ROCND,,DPWORLDCND,DP World Constanta,DP World Constanta,,2013-11-21,2016-05-13,DPW CND,,,
ROCND,,DPWCND,DP World Constanta,DP World Constanta,,2016-05-13,,SMDG,jasmin.droenner@eurogate.eu,,
ROCND,,SOCEP,"SOCEP,COSTANTA",SOCEP S.A. Container Terminal,,2015-06-12,,Hapag-Lloyd AG,michael.schroeder@hlag.com,,
RULED,,CTSP,"Container Terminal Saint-Petersburg, Area 4",Container Terminal Saint-Petersburg,,2014-11-10,,Eurogate,jasmin.droenner@eurogate.eu,,
RULED,,FCT,3rd Port District,"First Container Terminal Saint Petersburg, Russia",,2003-12-03,,First Cont. Terminal,,,
RULED,,MOD,Kronstad Terminal,Kronstad Terminal,,2008-01-16,,Unifeeder,ldj@unifeeder.com,,
RULED,,BRONKA,"MSCC Port Bronka, RUSSIA, 16th Port District","MSCC Port Bronka, RUSSIA",,2015-12-29,,"Port Bronka, Ekaterina Pasheeva,",pasheeva.ev@port-bronka.com,,
RULED,,NVM,Neva Metal Terminal,Neva Metal St. Petersburg,,2015-07-01,,Neva Metal  Terminal; ITM Service Russia,"ryabov@itmservice.ru  ,  swsmirnow@nevametal.ru",,
RULED,,PLP,Timber Port,Petrolesport St. Petersburg,,2004-10-12,,Petrolesport,,,
RULED,,SFP,Sea Fishing Port,Sea Fishing Port,,2014-11-10,,Eurogate,jasmin.droenner@eurogate.eu,,
RULED,,STPB,STP-BTS-RAYON 4,STP-BTS-RAYON 4,,2005-02-23,,Finnlines,,,
RULED,,STPF,STP-F,Second Stevedore Comp STP-1st Region,,2005-06-27,,Petrolesport,,,
RULED,,STPN,STP-Northern Wharf,STP-Northern Wharf / OOO Rusmarine-Forwarding,,2005-02-23,,Finnlines,,,
RULED,,STPS,STP- 2nd Region,STP- 2nd Region,,2005-02-23,,Finnlines,,,
RUULU,,ULCT,Ust-Luga Container Terminal,Ust-Luga Container Terminal,,2014-11-10,,Eurogate,jasmin.droenner@eurogate.eu,,
RUVYP,,VICS,VICS,Vostochny International Container Services,,2005-09-19,,P&O Ports,,,
SADMM,,DCT,Dammam Container Terminal,International Port Services Co.LTD,,2015-06-12,,Hapag-Lloyd AG,michael.schroeder@hlag.com,,
SAJED,,DPW,South Container Terminal SCT,DP World Jeddah,,2015-03-25,,Hapag-Lloyd AG,michael.schroeder@hlag.com,,
SAJED,,GCT,Gulf Container Terminal Jeddah,Gulf Container Terminal,,2015-03-25,,Hapag-Lloyd AG,michael.schroeder@hlag.com,,
SAJED,,RSGT,Red Sea Gateway Terminal,Red Sea Gateway Terminal,,2015-03-25,,Hapag-Lloyd AG,michael.schroeder@hlag.com,,
SAJUB,,GSC,Jubail Commercial Port Project,Gulf Stevedoring Contracting Co. Ltd.,,2015-09-21,,Hapag-Lloyd AG,michael.schroeder@hlag.com,,
SEAHU,,AHU,Aahus Hamn  Stuveri,Aahus Hamn  Stuveri,,2015-02-10,,Hapag-Lloyd AG,michael.schroeder@hlag.com,,
SEGOT,,SCANDI,Goeteborgs Hamn,APMT Gothenburg,,2015-06-12,,Hapag-Lloyd AG,michael.schroeder@hlag.com,,
SEGOT,,CAR,Car Terminal,Port of Gothenburg,,2004-12-14,,Portgot.se,,,
SEGOT,,CT,Container Terminal,Port of Gothenburg,,2004-12-14,,Portgot.se,,,
SEGOT,,RT,RoRo Terminal,Port of Gothenburg,,2004-12-14,,Portgot.se,,,
SEGVX,,GVXFS,Fredriksskans Terminal,Gävle Stevedoring Company,,2007-10-31,,Gävle Stuveri AB,,,
SEGVX,,GVXGU,Granudden Terminal,Gävle Stevedoring Company,,2007-10-31,,Gävle Stuveri AB,,,
SEHAD,,KT,Kattegatterminalen,Kattegatterminalen,,2008-01-16,,Unifeeder,ldj@unifeeder.com,,
SEHEL,,VESTHA,Vaesthamnen,Helsingborgs Hamn AB,,2015-06-12,,Hapag-Lloyd AG,michael.schroeder@hlag.com,,
SEHEL,,COTE,Combiterminalen,Port of Helsingborg Oceangatan 3 - S-251 08,,2006-03-09,,Port of Helsingborg,,,
SEHEL,,SKT,Skaneterminalen,Port of Helsingborg Oceangatan 3 - S-251 08,,2006-02-27,,Port of Helsingborg,,,
SEHEL,,VH,West Harbour,Port of Helsingborg Oceangatan 3 - S-251 08,,2006-02-27,,Port of Helsingborg,,,
SEKPS,,RTK,RoRo Terminal,Port of Kapellskär,,2006-03-09,,Port of Stockholm,,,
SEMMA,,CMPSE,Malmo,Company Malmö Port,,2006-05-11,,CM Port,,,
SENYN,,RTN,RoRo Terminal,Port of Nynäshamn,,2006-03-09,,Port of Stockholm,,,
SESTO,,CTS,Container Terminal,Port of Stockholm,,2006-03-09,,Port of Stockholm,,,
SESTO,,OTL,Oil Terminal Loudden,Port of Stockholm,,2006-03-09,,Port of Stockholm,,,
SESTO,,RTB,RoRo Terminal Birka,Port of Stockholm,,2006-03-09,,Port of Stockholm,,,
SESTO,,RTF,RoRo Terminal Frihamnen,Port of Stockholm,,2006-03-09,,Port of Stockholm,,,
SESTO,,RTS,RoRo Terminal Silja,Port of Stockholm,,2006-03-09,,Port of Stockholm,,,
SESTO,,RTV,RoRo Terminal Viking,Port of Stockholm,,2006-03-09,,Port of Stockholm,,,
SGSIN,,PSATPT,Tanjong Pagar Terminal I,PSA Corporation Limited,,2015-06-12,,Hapag-Lloyd AG,michael.schroeder@hlag.com,,
SGSIN,,PSAKT,Keppel Terminal,PSA Corporation Limited,,2015-06-12,,Hapag-Lloyd AG,michael.schroeder@hlag.com,,
SGSIN,,PSABT,Brani Terminal,PSA Corporation Limited,,2015-06-12,,Hapag-Lloyd AG,michael.schroeder@hlag.com,,
SGSIN,,PSAPPT,Pasir Panjang Terminal,PSA Corporation Limited,,2015-06-12,,Hapag-Lloyd AG,michael.schroeder@hlag.com,,
SGSIN,,PSASW,Sembawang Wharves,PSA Corporation Limited,,2016-03-01,,"X-VELA, Chris Ng",chris.ng@xvela.com,,
SIKOP,,LUKA,Luka Koper Port,Luka Koper Port,,2015-09-22,,Hapag-Lloyd AG,michael.schroeder@hlag.com,,
SNDKR,,DPWSN,Port Autonome de Dakar,Port Autonome de Dakar,,2015-09-22,,Hapag-Lloyd AG,michael.schroeder@hlag.com,,
SVAQJ,,PUACA,PUERTO ACAJUTLA,COMISION EJECUTIVA PORTUARIA AUTONOM A (CEPA),,2004-05-31,,,,"13.57483, -89.83783",
SVLUN,,PULUN,PUERTO LA UNION,COMISION EJECUTIVA PORTUARIA AUTONOM A (CEPA),,2004-05-31,,,,"13.33483, -87.82017",
SYLTK,,LICT,LATTAKIA INTERNATIONAL CONTAINER TERMINAL,LATTAKIA INTERNATIONAL CONTAINERTERMINAL - LICT,,2004-05-31,,,,"35.52750, 35.76833",
SYTTS,,TICT,TARTOUS INTERNATIONAL CONTAINER TERMINAL,TARTOUS INTERNATIONAL CONTAINERTERMINAL JSC - TICT,,2004-05-31,,,,"34.90778, 35.86639",
THBKK,,PAT,PORT AUTHORITY OF THAILAND,PORT AUTHORITY OF THAILAND,,2004-05-31,,,,"13.07111, 100.89806",
THLCH,,LCHA2,LCH A2,THAI LAEM CHABANG TERMINAL CO. LTD,,2004-05-31,,,,"13.07000, 100.89083",
THLCH,,LCHA0,LCH A0,LAEM CHABANG MARINE TERMINAL,,2004-05-31,,,,"13.07111, 100.89806",
THLCH,,LCHB2,LCH B2,EVERGREEN CONTAINER TERMINAL,,2004-05-31,,,,"13.06361, 100.89444",
THLCH,,ESCO,EASTERN SEA LAEM CHABANG TERMINAL,"EASTERN SEA LAEM CHABANG TERMINALCO., LTD",,2004-05-31,,,,"13.06639, 100.89861",
THLCH,,HLT,HUTCHISON TERMINAL,HUTCHISON LAEMCHABANG TERMINAL LIMITED,,2004-05-31,,,,"13.04833, 100.89972",
THLCH,,LCIT,Terminal B5 & C3,Laem Chabang International Terminal Co Ltd,,2005-09-19,,P&O Ports,,,
THLCH,,TIPS4,TIPS CONTAINER TERMINAL B4,TIPS CO.,,2014-11-06,,HSDG,ulf.patzer@hamburgsud.com,"13.06278, 100.89000",
TNTUN,,RAPO,RADES PORT,RADES PORT,,2004-05-31,,,,"36.80417, 10.26528",
TRALI,,NEMPOR,NEMPORT LIMANI,AKDENIZ KIMYA SANAYII VE TIC. A.S,,2015-06-12,,Hapag-Lloyd AG,michael.schroeder@hlag.com,,
TRALI,,TCEEG,TCE EGE KONTEYNER TERMINAL,TCE EGE KONTEYNER TERMINALISLETMELERI A.S.,,2004-05-31,,,,"38.75972, 26.92972",
TREYP,,EVYAP,EVYAPPORT,EVYAPPORT LIMAN ISLETMESI A.S.,,2015-11-01,,"Evyapport, Furkan ATAR",fatar@evyapport.com,"40.77361, 29.71111",www.evyapport.com
TRGEM,,BORU,BORUSAN DEPOLAMA (GEMLIK),BORUSAN LOJ.DAG.DEPO.TAS.VE TIC.A.S.,,2004-05-31,,,,"40.41500, 29.08472",
TRGEM,,GEMPOR,GEMPORT CONTAINER TERMINAL,GEMPORT CONTAINER TERMINAL,,2015-06-12,,Hapag-Lloyd AG,michael.schroeder@hlag.com,,
TRGEM,,RODA,GEMLIK-RODA PORT,RODA LIMAN DEPOLAMA VE LOJISTIK ISLETMELERI AS,,2015-06-12,,Hapag-Lloyd AG,michael.schroeder@hlag.com,,
TRISK,,LIMAK,LIMAKPORT ISKENDERUN,LIMAKPORT ISKENDERUN LIMAN ISL.,,2015-06-12,,Hapag-Lloyd AG,michael.schroeder@hlag.com,,
TRIST,,MRP,MARPORT,MARPORT LIMAN ISL .SAN.VE TIC.A.S,,2015-06-12,,Hapag-Lloyd AG,michael.schroeder@hlag.com,,
TRIST,,MRD,"MARDAS PORT,ISTANBUL",MARDAS MARMARA DENIZ ISLETMECILIGI A.S.,,2015-06-12,,Hapag-Lloyd AG,michael.schroeder@hlag.com,,
TRIZM,,TCDD,(TCDD) ALSANCAK,T.C. DEVLET DEMIRYOLLARI ISLETMESIGENEL MUDURLUGU (TCDD),,2004-05-31,,,,"38.44500, 27.15333",
TRIZM,,TCE,TCE EGE KONTEYNER TERMINAL,TCE EGE KONTEYNER TERMINAL,,2014-09-02,,HSDG,ulf.patzer@hamburgsud.com,"38.75806, 26.92889",
TRKMX,,KUMLI,KUMPORT LIMAN HIZ.LOJ.SAN.TIC.AS,KUMPORT LIMAN HIZ.LOJ.SAN.TIC.AS,,2004-05-31,,,,"40.96750, 28.68167",
TRMER,,MIP,M.I.P. MERSIN INTERNATIONAL PORT,M.I.P. MERSIN INTERNATIONAL PORT,,2004-05-31,,,,"36.80194, 34.64194",
TRYAR,,DPWYAR,DPWorld Yarimca,DP World Yarımca Liman lletmeleri A.,,2015-08-11,,DP world Yarimca,semih.yagmur@dpworld.com,"40.76778, 29.75667",www.dpworld.com.tr
TTPOS,,PPOS,"Port of Port of Spain, Port of Spain","Port of Port of Spain, Port of Spain",,2014-07-10,,HSDG,ulf.patzer@hamburgsud.com,"10.65417, -61.52389",
TTPTS,,TPTS,PORT OF POINT LISAS,PORT OF POINT LISAS,,2016-09-12,,HSDG,Marc.Jordens@Hamburgsud.com,,
TWKEL,,WUDU,China Wudu Terminal,China Container Terminal,,2004-05-31,,,,"25.14639, 121.75222",
TWKEL,,KHB,KEELUNG HARBOUR,KEELUNG HARBOUR BUREAU,,2015-06-12,,Hapag-Lloyd AG,michael.schroeder@hlag.com,,
TWKEL,,ULIC,ULIC (EAST WHARF),UNITED LOGISTICS INTERNATIONAL CO,,2015-06-12,,Hapag-Lloyd AG,michael.schroeder@hlag.com,,
TWKHH,,APLKT,APL Kaoshiung Terminal,APL Kaoshiung Terminal,,2014-02-06,,HSDG,,"22.56194, 120.31861",
TWKHH,,EMCKC5,79/80/81,EVERGREEN MARICE CORP.(TAIWAN) LTD.,,2015-02-12,,Hapag-Lloyd AG,michael.schroeder@hlag.com,,
TWKHH,,EMCKC4,115/116/117,EVERGREEN MARICE CORP.(TAIWAN) LTD.,,2015-02-12,,Hapag-Lloyd AG,michael.schroeder@hlag.com,,
TWKHH,,HMMT,118/119,"HYUNDAI MERCHANT MARINE CO., LTD.",,2015-02-12,,Hapag-Lloyd AG,michael.schroeder@hlag.com,,
TWKHH,,HJPCT,76/77/78,HANJIN PACIFIC CORP.(TAIWAN BRANCH),,2015-02-12,,Hapag-Lloyd AG,michael.schroeder@hlag.com,,
TWKHH,,KMCT,108/109/110/111,KAO MING CONTAINER TERMINAL CORP.,,2015-02-12,,Hapag-Lloyd AG,michael.schroeder@hlag.com,,
TWKHH,,KHHPT,42/43,LIEN HAI TERMINAL CORP.,,2015-02-12,,Hapag-Lloyd AG,michael.schroeder@hlag.com,,
TWKHH,,KAOCT,65/66/67,"OOCL(TAIWAN) CO., LTD.",,2015-02-12,,Hapag-Lloyd AG,michael.schroeder@hlag.com,,
TWKHH,,WHLT,63/64,WAN HAI LINES LTD.,,2015-02-12,,Hapag-Lloyd AG,michael.schroeder@hlag.com,,
TWKHH,,YMLT,70,YANG MING MARINE TRANSPORT CORP.,,2015-02-12,,Hapag-Lloyd AG,michael.schroeder@hlag.com,,
UAODS,,BROOKL,BROOKLYN-KIEV PORT,"BROOKLYN-KIEV PORT, LTD",,2015-06-12,,Hapag-Lloyd AG,michael.schroeder@hlag.com,,
UAODS,,OMTPEX,ODESSA MARINE TRANSPORT PORT,CONTAINER TERMINAL DP GPK UKRAINE,,2015-06-12,,Hapag-Lloyd AG,michael.schroeder@hlag.com,,
USBAL,,DMT,Dundalk Marine Terminal,Ports America Chesapeake,,2015-05-07,,"Ports America Chesapeake, LLC",dora.roesler@portsamerica.com,"39.24250, -76.52533",www.portsamerica.com 
USBAL,,SMT,Seagirt Marine Terminal,"Ports America Baltimore, Inc.",,2004-05-31,,Hapag-Lloyd AG,michael.schroeder@hlag.com,"39.25500, -76.54667",www.portsamerica.com 
USCHS,,NCMT,NORTH CHARLESTON MARINE TERMINAL,SOUTH CAROLINA STATE PORTS AUTHORITY,,2004-05-31,,,,"32.90417, -79.95833",
USCHS,,WWMT,WANDO WELCH MARINE TERMINAL,SOUTH CAROLINA STATE PORTS AUTHORITY,,2004-05-31,,,,"32.83333, -79.89083",
USHNL,,MATS,MATSON TERMINALS,MATSON TERMINALS,,2004-05-31,,,,"21.31167, -157.87833",
USHNL,,HSP1,"PIER 1 HONOLULU, OAHU","PIER 1 HONOLULU, OAHU",,2016-05-13,,HSD,Marc.Jordens@Hamburgsud.com,,
USHOU,,BCMT,BARBOURS CUT MARINE TERMINAL,PORT OF HOUSTON AUTHORITY,,2004-05-31,,,,"29.68000, -94.99833",
USHOU,,BPTM,BAYPORT TERMINAL,PORT OF HOUSTON AUTHORITY,,2015-01-29,,"Bayport Container Terminal, Easton McIntosh",emcintosh@poha.com,,
USJAX,,TRAJX,Berths 16-17,"TRAPAC JACKSONVILLE,LLC",,2015-02-05,,Hapag-Lloyd AG,michael.schroeder@hlag.com,,
USJAX,,BLOJX,BLOUNT ISLAND MARINE TERMINAL,JAXPORT,,2015-02-05,,Hapag-Lloyd AG,michael.schroeder@hlag.com,,
USJAX,,TMT,TALLEYRAND MARINE TERMINAL,JACKSONVILLE PORT AUTHORITY,,2004-05-31,,,,"30.35500, -81.62000",
USLAX,,APMT,APMT LOS ANGELES,APM TERMINAL PIER 400,,2004-05-31,,,,"33.72833, -118.25333",
USLAX,,CALIFO,CALIFORNIA UNITED TERMINALS,CALIFORNIA UNITED TERMINALS,,2015-06-24,,Hapag-Lloyd AG,michael.schroeder@hlag.com,,
USLAX,,EAGLE,EAGLE MARINE TERMINAL,EAGLE MARINE TERMINAL,,2015-06-24,,Hapag-Lloyd AG,michael.schroeder@hlag.com,"33.76833, -118.27333",
USLAX,,TRAP,TRAPAC TERMINAL,TRAPAC INC,,2004-05-31,,,,,
USLAX,,YUSEN,YUSEN TERMINALS LA,YUSEN TERMINALS INC,,2015-06-24,,Hapag-Lloyd AG,michael.schroeder@hlag.com,,
USLGB,,IST,ITS LONG BEACH,INTERNATIONAL TRANSPORTATION SERVICE INC,,2004-05-31,,,,"33.74500, -118.19500",
USLGB,,MATU,Matson Terminal (SSA Terminal C),SSA Long Beach,,2016-02-22,,Hapag-Lloyd AG,michael.schroeder@hlag.com,,
USLGB,,SSATA,SSA Terminal A,SSA Long Beach,,2014-10-03,,HSDG,ulf.patzer@hamburgsud.com,"33.76917, -118.23222",
USMIA,,POM,Port of Miami Terminal,Port of Miami Terminal Operators,,2015-09-22,,Hapag-Lloyd AG,michael.schroeder@hlag.com,,
USMIA,,SOU,South Florida Container Terminal,South Florida Container Terminal,,2015-09-22,,Hapag-Lloyd AG,michael.schroeder@hlag.com,,
USMOB,,APMT,APM Terminal Mobile,APM Terminal Mobile,,2016-05-03,,,Marc.Jordens@Hamburgsud.com,,
USMSY,,NOLA,Napoleon Avenue Container terminal,P&O Porta North America,,2005-09-19,,P&O Ports,,,
USNTD,,HUE,PORT HUENEME,PORT HUENEME,,2014-09-02,,Hamburg Sud,ulf.patzer@hamburgsud.com,"34.14750, -119.20556",
USNYC,,APMT,APM Terminals Port Elizabeth,APM Terminals Port Elizabeth,,2016-05-03,,Hamburg Sud/APM,Marc.Jordens@Hamburgsud.com,,http://www.apmterminals.com/operations/north-america/port-elizabeth
USNYC,,GTC,GLOBAL TERMINAL & CONTAINER SERVICE,GLOBAL TERMINAL & CONTAINER SERVICES,,2004-05-31,,,,"40.67250, -74.08250",
USNYC,,MSK,MAERSK-SEALAND TERMINAL,MAERSK-SEALAND TERMINAL,,2014-09-15,,Hapag-Lloyd AG,michael.schroeder@hlag.com,,
USNYC,,MAHER,MAHER TERMINAL,MAHER TERMINAL,,2014-09-15,,Hapag-Lloyd AG,michael.schroeder@hlag.com,,
USNYC,,NYCT,NEW YORK CONTAINER TERMINAL,NEW YORK CONTAINER TERMINAL,,2004-05-31,,,,"40.64083, -74.18917",
USOAK,,OHT,OUTER HARBOR TERMINAL,PORTS AMERICA OUTER HARBOR TERMINAL,,2004-05-31,,,,"37.81000, -122.33250",
USOAK,,B58,OAKLAND INTL CONTAINER TERMINAL,SSA Terminals,,2014-09-15,,Hapag-Lloyd AG,michael.schroeder@hlag.com,,
USOAK,,TPOAK,TRAPAC TERMINAL,TRAPAC,,2014-09-15,,Hapag-Lloyd AG,michael.schroeder@hlag.com,,
USORF,,NIT,NORFOLK INTERNATIONAL TERMINAL,Virginia Port Authority,,2004-05-31,,,,"36.92583, -76.32917",
USPDX,,PT6,PORTLAND TERMINAL 6,"ICTSI OREGON, INC",,2004-05-31,,,,"45.63833, -122.74667",
USPEF,,FIT,Florida International Terminal,"Florida International Terminal, LLC",,2004-05-31,,,,"26.07250, -80.11667",
USPEF,,PET,Port Everglades Terminal,Port Everglades Terminal,,2015-09-22,,Hapag-Lloyd AG,michael.schroeder@hlag.com,,
USPHL,,PAMT,Packer Avenue Marine Terminal,Greenwich Terminals LLC,,2004-05-31,,,,"39.90167, -75.13500",
USPTM,USORF,VIG,Virginia International Gateway,Virginia Port Authority,,2015-09-22,,Hapag-Lloyd AG,michael.schroeder@hlag.com,,
USPTM,,PMT,Portsmouth Marine Terminal,Virginia Port Authority,,2014-09-15,,Hapag-Lloyd AG,michael.schroeder@hlag.com,,
USSAV,,GCMT,GARDEN CITY MARINE TERMINAL,GEORGIA PORTS AUTHORITY,,2004-05-31,,,,"32.12833, -81.14000",
USSEA,,EAGLE,EAGLE MARINE SEATTLE,EAGLE MARINE TERMINAL,,2004-05-31,,,,"47.57833, -122.36250",
USSEA,,SSA18,SSA TERMINAL T-18,SSA TERMINALS,,2004-05-31,,,,"47.58000, -122.34667",
USSEA,,TTI,TOTAL TERMINALS INTERNATIONAL,"TOTAL TERMINALS INTERNATIONAL, LLC",,2004-05-31,,,,"47.59833, -122.33917",
USTIW,,APM,APM TERMINALS,APM TERMINALS - TACOMA WA,,2015-09-22,,Hapag-Lloyd AG,michael.schroeder@hlag.com,,
USTIW,,PCT,"PIERCE COUNTY TERMINAL, TACOMA, WA",PIERCE COUNTY TERMINAL,,2014-07-22,,HSDG,ulf.patzer@hamburgsud.com,"47.00000, -122.00000",
USTIW,,WUT,WASHINGTON UNITED TERMINALS,WASHINGTON UNITED TERMINALS,,2004-05-31,,,,"47.26167, -122.39000",
UYMVD,,MONTE,MONTECON SA,MONTECON SA,,2004-05-31,,,,"-34.90028, -56.20667",
UYMVD,,TCDP,TERMINAL CUENCA DEL PLATA SA,TERMINAL CUENCA DEL PLATA SA,,2004-05-31,,,,"-34.90528, -56.22028",
UYPTP,,MDP,Montes del Plata,Montes del Plata,,2015-06-11,,HSDG,Marc.Jordens@Hamburgsud.com,,
VELAG,,TPLAG,TERMINAL PUERTO DEL LITORAL CENTRAL (P.L.C.),TERMINAL PUERTO DEL LITORAL CENTRAL(P.L.C.),,2004-05-31,,,,"10.60283, -66.94033",
VEPBL,,BOPBL,"BOLIVARIANA DE PUERTOS, S.A.","BOLIVARIANA DE PUERTOS, S.A. BOLIPUERTOS PUERTO CABELLO",,2004-05-31,,,,"10.46883, -67.99867",
VEPBL,,ITS,"Terminal Services, C.A. - Puerto Cabello",Grupo Intershipping,,2015-02-05,,Hapag-Lloyd AG,michael.schroeder@hlag.com,,
VNHPH,,CVP,Chua Ve Port,Chua Ve Port,,2015-06-24,,Hapag-Lloyd AG,michael.schroeder@hlag.com,,
VNHPH,,DINHVU,Dinh Vu Port,Dinh Vu Port Investment & Development Joint stock Company,,2015-06-12,,Hapag-Lloyd AG,michael.schroeder@hlag.com,,
VNHPH,,DOANXA,DOAN XA PORT JSC,DOAN XA PORT JSC,,2015-06-12,,Hapag-Lloyd AG,michael.schroeder@hlag.com,,
VNHPH,,GREEN,Green Port,Green Port,,2015-06-24,,Hapag-Lloyd AG,michael.schroeder@hlag.com,,
VNHPH,,HAIAN,HAI AN  PORT,HAI AN  PORT,,2015-06-12,,Hapag-Lloyd AG,michael.schroeder@hlag.com,,
VNHPH,,MAIN,MAIN PORT,MAIN PORT,,2015-06-24,,Hapag-Lloyd AG,michael.schroeder@hlag.com,,
VNHPH,,NHDV,NAM HAI - DINH VU,NAM HAI - DINH VU,,2015-06-12,,Hapag-Lloyd AG,michael.schroeder@hlag.com,,
VNHPH,,NAMHAI,NAM HAI PORT,NAMHAI PORT JOINT STOCK COPORATION,,2015-06-12,,Hapag-Lloyd AG,michael.schroeder@hlag.com,,
VNHPH,,NP128,TANCANG128-HAIPHONG,TANCANG128-HAIPHONG,,2015-06-12,,Hapag-Lloyd AG,michael.schroeder@hlag.com,,
VNHPH,,TANVU,TAN VU PORT,TAN VU PORT-MEMBER OF HAIPHONG PORT,,2015-06-12,,Hapag-Lloyd AG,michael.schroeder@hlag.com,,
VNSGN,,CATLAI,Cat Lai Terminal,Tan Cang Group Company,,2015-03-10,,Hapag-Lloyd AG,michael.schroeder@hlag.com,,
VNSGN,,SPCT,SPCT Terminal,Saigon Premier Container Terminal,,2015-03-10,,Hapag-Lloyd AG,michael.schroeder@hlag.com,,
VNVUT,,TCIT,TCIT,Tan Cang-Cai Mep International Terminal Company,,2015-03-10,,Hapag-Lloyd AG,michael.schroeder@hlag.com,,
VNVUT,,CMIT,CMIT,Cai Mep  International Terminal,,2015-03-10,,Hapag-Lloyd AG,michael.schroeder@hlag.com,,
WSAPW,,POA,Port of Apia,Samoa Port Authority,,2016-08-01,,HSDG,Marc.Jordens@Hamburgsud.com,,
ZACPT,,TNCM,MPT MULTI PURPOSE TERMINAL,TRANSNET PORT TERMINALS,,2015-10-09,,Hapag-Lloyd AG,michael.schroeder@hlag.com,,
ZACPT,,TNCT,TRANSNET PORT TERMINALS CAPE TOWN,TRANSNET PORT TERMINALS CAPE TOWN,,2004-05-31,,Hapag-Lloyd AG,michael.schroeder@hlag.com,"-33.91250, 18.42917",
ZADUR,,TNDRT,DURBAN RORO TERMINAL,TRANSNET PORT TERMINALS,,2015-10-09,,Hapag-Lloyd AG,michael.schroeder@hlag.com,,
ZADUR,,TNP2,TRANSNET PORT TERMINALS DURBAN PIER 2,DURBAN CONTAINER TERMINAL,,2004-05-31,,,,"-29.88056, 31.01750",
ZADUR,,GMWT,GRINDROD MAYDON WHARF TERMINALS,GRINDROD MAYDON WHARF TERMINALS,,2004-05-31,,,,"-29.88056, 31.01750",
ZADUR,,TNP1,TRANSNET PORT TERMINALS PIER 1,PIER 1 CONTAINER TERMINAL,,2004-05-31,,,,"-29.87972, 31.02972",
ZANGQ,,TNNQ,TRANSNET PORT TERMINALS NGQURA,TRANSNET PORT TERMINAL NGQURA PORT ELIZABETH,,2004-05-31,,,,"-33.80056, 25.68194",
ZAPLZ,,TNPE,TRANSNET PORT TERMINAL PORT ELIZABETH,TRANSNET PORT TERMINALS,,2004-05-31,,,,"-33.95833, 25.63806",
